tournament_id,match_id,map_guid,round_number,causer_id,victim_id,location,damageAmount,ledToKill
108871629797692793,108871629798741439,/Game/Maps/Pitt/Pitt,1,5,6,BODY,30,False
108871629797692793,108871629798741439,/Game/Maps/Pitt/Pitt,1,5,6,HEAD,70,True
108871629797692793,108871629798741439,/Game/Maps/Pitt/Pitt,1,9,4,BODY,26,False
108871629797692793,108871629798741439,/Game/Maps/Pitt/Pitt,1,9,4,BODY,26,False
108871629797692793,108871629798741439,/Game/Maps/Pitt/Pitt,1,8,4,HEAD,48,True
108871629797692793,108871629798741439,/Game/Maps/Pitt/Pitt,1,2,8,BODY,55,False
108871629797692793,108871629798741439,/Game/Maps/Pitt/Pitt,1,2,9,BODY,35.3606186,False
108871629797692793,108871629798741439,/Game/Maps/Pitt/Pitt,1,2,9,BODY,26,False
108871629797692793,108871629798741439,/Game/Maps/Pitt/Pitt,1,2,9,HEAD,38.6393814,True
108871629797692793,108871629798741439,/Game/Maps/Pitt/Pitt,1,10,2,BODY,25,False
108871629797692793,108871629798741439,/Game/Maps/Pitt/Pitt,1,2,10,BODY,21,False
108871629797692793,108871629798741439,/Game/Maps/Pitt/Pitt,1,2,10,BODY,6.79856634,False
108871629797692793,108871629798741439,/Game/Maps/Pitt/Pitt,1,3,5,GENERAL,0.66,False
108871629797692793,108871629798741439,/Game/Maps/Pitt/Pitt,1,3,5,GENERAL,0.66,False
108871629797692793,108871629798741439,/Game/Maps/Pitt/Pitt,1,3,5,GENERAL,0.66,False
108871629797692793,108871629798741439,/Game/Maps/Pitt/Pitt,1,3,5,GENERAL,0.66,False
108871629797692793,108871629798741439,/Game/Maps/Pitt/Pitt,1,3,5,GENERAL,0.66,False
108871629797692793,108871629798741439,/Game/Maps/Pitt/Pitt,1,3,5,GENERAL,0.66,False
108871629797692793,108871629798741439,/Game/Maps/Pitt/Pitt,1,3,5,GENERAL,0.66,False
108871629797692793,108871629798741439,/Game/Maps/Pitt/Pitt,1,8,5,BODY,60,False
108871629797692793,108871629798741439,/Game/Maps/Pitt/Pitt,1,3,5,GENERAL,0.66,False
108871629797692793,108871629798741439,/Game/Maps/Pitt/Pitt,1,3,5,GENERAL,0.66,False
108871629797692793,108871629798741439,/Game/Maps/Pitt/Pitt,1,5,8,HEAD,45,True
108871629797692793,108871629798741439,/Game/Maps/Pitt/Pitt,1,3,5,GENERAL,0.66,False
108871629797692793,108871629798741439,/Game/Maps/Pitt/Pitt,1,3,5,GENERAL,0.66,False
108871629797692793,108871629798741439,/Game/Maps/Pitt/Pitt,1,3,5,GENERAL,0.66,False
108871629797692793,108871629798741439,/Game/Maps/Pitt/Pitt,1,3,5,GENERAL,0.66,False
108871629797692793,108871629798741439,/Game/Maps/Pitt/Pitt,1,3,5,GENERAL,0.66,False
108871629797692793,108871629798741439,/Game/Maps/Pitt/Pitt,1,3,5,GENERAL,0.66,False
108871629797692793,108871629798741439,/Game/Maps/Pitt/Pitt,1,3,5,GENERAL,0.66,False
108871629797692793,108871629798741439,/Game/Maps/Pitt/Pitt,1,3,5,GENERAL,0.66,False
108871629797692793,108871629798741439,/Game/Maps/Pitt/Pitt,1,3,5,GENERAL,0.66,False
108871629797692793,108871629798741439,/Game/Maps/Pitt/Pitt,1,3,5,GENERAL,0.66,False
108871629797692793,108871629798741439,/Game/Maps/Pitt/Pitt,1,7,2,HEAD,30.6173935,False
108871629797692793,108871629798741439,/Game/Maps/Pitt/Pitt,1,3,7,BODY,22,False
108871629797692793,108871629798741439,/Game/Maps/Pitt/Pitt,1,3,7,BODY,22,False
108871629797692793,108871629798741439,/Game/Maps/Pitt/Pitt,1,7,3,HEAD,125,True
108871629797692793,108871629798741439,/Game/Maps/Pitt/Pitt,1,2,7,BODY,21,False
108871629797692793,108871629798741439,/Game/Maps/Pitt/Pitt,1,2,7,BODY,21,False
108871629797692793,108871629798741439,/Game/Maps/Pitt/Pitt,1,2,10,HEAD,26.8744774,False
108871629797692793,108871629798741439,/Game/Maps/Pitt/Pitt,1,2,10,BODY,9.14355564,False
108871629797692793,108871629798741439,/Game/Maps/Pitt/Pitt,1,10,5,BODY,10.623394,False
108871629797692793,108871629798741439,/Game/Maps/Pitt/Pitt,1,2,10,BODY,21,False
108871629797692793,108871629798741439,/Game/Maps/Pitt/Pitt,1,2,10,BODY,15.1833992,True
108871629797692793,108871629798741439,/Game/Maps/Pitt/Pitt,1,7,2,HEAD,44.3826065,True
108871629797692793,108871629798741439,/Game/Maps/Pitt/Pitt,2,5,7,BODY,14,True
108871629797692793,108871629798741439,/Game/Maps/Pitt/Pitt,2,4,7,LEG,18.7,False
108871629797692793,108871629798741439,/Game/Maps/Pitt/Pitt,2,6,4,HEAD,63,False
108871629797692793,108871629798741439,/Game/Maps/Pitt/Pitt,2,4,8,BODY,9.33630085,False
108871629797692793,108871629798741439,/Game/Maps/Pitt/Pitt,2,6,4,BODY,21,False
108871629797692793,108871629798741439,/Game/Maps/Pitt/Pitt,2,6,4,BODY,26,False
108871629797692793,108871629798741439,/Game/Maps/Pitt/Pitt,2,9,4,HEAD,40,True
108871629797692793,108871629798741439,/Game/Maps/Pitt/Pitt,2,5,9,HEAD,100,True
108871629797692793,108871629798741439,/Game/Maps/Pitt/Pitt,2,6,5,BODY,26,False
108871629797692793,108871629798741439,/Game/Maps/Pitt/Pitt,2,7,2,HEAD,150,True
108871629797692793,108871629798741439,/Game/Maps/Pitt/Pitt,2,8,3,BODY,26,False
108871629797692793,108871629798741439,/Game/Maps/Pitt/Pitt,2,3,8,HEAD,78,False
108871629797692793,108871629798741439,/Game/Maps/Pitt/Pitt,2,3,8,BODY,12.6636963,True
108871629797692793,108871629798741439,/Game/Maps/Pitt/Pitt,2,1,10,HEAD,78,False
108871629797692793,108871629798741439,/Game/Maps/Pitt/Pitt,2,1,10,BODY,22,True
108871629797692793,108871629798741439,/Game/Maps/Pitt/Pitt,2,7,1,HEAD,78,False
108871629797692793,108871629798741439,/Game/Maps/Pitt/Pitt,2,7,1,BODY,26,False
108871629797692793,108871629798741439,/Game/Maps/Pitt/Pitt,2,7,1,HEAD,21,True
108871629797692793,108871629798741439,/Game/Maps/Pitt/Pitt,2,3,6,HEAD,78,False
108871629797692793,108871629798741439,/Game/Maps/Pitt/Pitt,2,3,6,BODY,22,True
108871629797692793,108871629798741439,/Game/Maps/Pitt/Pitt,2,3,7,BODY,26,False
108871629797692793,108871629798741439,/Game/Maps/Pitt/Pitt,2,3,7,BODY,26,False
108871629797692793,108871629798741439,/Game/Maps/Pitt/Pitt,2,3,7,BODY,26,False
108871629797692793,108871629798741439,/Game/Maps/Pitt/Pitt,2,7,3,BODY,26,False
108871629797692793,108871629798741439,/Game/Maps/Pitt/Pitt,2,7,3,BODY,6.49061584,False
108871629797692793,108871629798741439,/Game/Maps/Pitt/Pitt,2,3,7,BODY,3.30000305,True
108871629797692793,108871629798741439,/Game/Maps/Pitt/Pitt,3,10,5,HEAD,72.4379272,False
108871629797692793,108871629798741439,/Game/Maps/Pitt/Pitt,3,2,10,BODY,55,False
108871629797692793,108871629798741439,/Game/Maps/Pitt/Pitt,3,1,8,BODY,27,False
108871629797692793,108871629798741439,/Game/Maps/Pitt/Pitt,3,8,1,BODY,30.9591465,False
108871629797692793,108871629798741439,/Game/Maps/Pitt/Pitt,3,1,8,BODY,25.5968819,False
108871629797692793,108871629798741439,/Game/Maps/Pitt/Pitt,3,1,8,HEAD,42.6119423,False
108871629797692793,108871629798741439,/Game/Maps/Pitt/Pitt,3,8,1,BODY,31.0208931,False
108871629797692793,108871629798741439,/Game/Maps/Pitt/Pitt,3,1,8,HEAD,29.7911797,True
108871629797692793,108871629798741439,/Game/Maps/Pitt/Pitt,3,1,9,BODY,27,False
108871629797692793,108871629798741439,/Game/Maps/Pitt/Pitt,3,9,1,BODY,39,False
108871629797692793,108871629798741439,/Game/Maps/Pitt/Pitt,3,1,9,BODY,27,False
108871629797692793,108871629798741439,/Game/Maps/Pitt/Pitt,3,1,9,BODY,27,False
108871629797692793,108871629798741439,/Game/Maps/Pitt/Pitt,3,1,9,BODY,27,False
108871629797692793,108871629798741439,/Game/Maps/Pitt/Pitt,3,9,1,HEAD,24.0199661,True
108871629797692793,108871629798741439,/Game/Maps/Pitt/Pitt,3,4,9,HEAD,100,True
108871629797692793,108871629798741439,/Game/Maps/Pitt/Pitt,3,7,4,HEAD,125,True
108871629797692793,108871629798741439,/Game/Maps/Pitt/Pitt,3,2,7,HEAD,67.5,False
108871629797692793,108871629798741439,/Game/Maps/Pitt/Pitt,3,3,6,BODY,26,False
108871629797692793,108871629798741439,/Game/Maps/Pitt/Pitt,3,6,3,HEAD,140,False
108871629797692793,108871629798741439,/Game/Maps/Pitt/Pitt,3,6,3,HEAD,10,True
108871629797692793,108871629798741439,/Game/Maps/Pitt/Pitt,3,10,2,HEAD,125,True
108871629797692793,108871629798741439,/Game/Maps/Pitt/Pitt,3,5,6,BODY,35,False
108871629797692793,108871629798741439,/Game/Maps/Pitt/Pitt,3,5,6,HEAD,64,True
108871629797692793,108871629798741439,/Game/Maps/Pitt/Pitt,3,7,5,BODY,40,False
108871629797692793,108871629798741439,/Game/Maps/Pitt/Pitt,3,7,5,BODY,37.5620728,True
108871629797692793,108871629798741439,/Game/Maps/Pitt/Pitt,4,5,7,HEAD,150,True
108871629797692793,108871629798741439,/Game/Maps/Pitt/Pitt,4,10,5,BODY,40,False
108871629797692793,108871629798741439,/Game/Maps/Pitt/Pitt,4,2,6,BODY,26.4080276,False
108871629797692793,108871629798741439,/Game/Maps/Pitt/Pitt,4,10,5,GENERAL,61,False
108871629797692793,108871629798741439,/Game/Maps/Pitt/Pitt,4,6,5,BODY,39,True
108871629797692793,108871629798741439,/Game/Maps/Pitt/Pitt,4,6,1,BODY,40,False
108871629797692793,108871629798741439,/Game/Maps/Pitt/Pitt,4,1,6,HEAD,98.5919724,True
108871629797692793,108871629798741439,/Game/Maps/Pitt/Pitt,4,2,9,BODY,39,False
108871629797692793,108871629798741439,/Game/Maps/Pitt/Pitt,4,9,2,HEAD,150,True
108871629797692793,108871629798741439,/Game/Maps/Pitt/Pitt,4,3,9,HEAD,86,True
108871629797692793,108871629798741439,/Game/Maps/Pitt/Pitt,4,4,8,BODY,40,False
108871629797692793,108871629798741439,/Game/Maps/Pitt/Pitt,4,8,4,BODY,40,False
108871629797692793,108871629798741439,/Game/Maps/Pitt/Pitt,4,1,10,BODY,35,False
108871629797692793,108871629798741439,/Game/Maps/Pitt/Pitt,4,4,8,HEAD,85,True
108871629797692793,108871629798741439,/Game/Maps/Pitt/Pitt,4,1,10,BODY,35,False
108871629797692793,108871629798741439,/Game/Maps/Pitt/Pitt,4,1,10,HEAD,55.0000038,True
108871629797692793,108871629798741439,/Game/Maps/Pitt/Pitt,5,2,6,BODY,30.0895538,False
108871629797692793,108871629798741439,/Game/Maps/Pitt/Pitt,5,9,2,HEAD,53.7321091,False
108871629797692793,108871629798741439,/Game/Maps/Pitt/Pitt,5,2,9,BODY,22,False
108871629797692793,108871629798741439,/Game/Maps/Pitt/Pitt,5,9,2,BODY,17.8622704,False
108871629797692793,108871629798741439,/Game/Maps/Pitt/Pitt,5,9,2,BODY,18,False
108871629797692793,108871629798741439,/Game/Maps/Pitt/Pitt,5,9,2,BODY,18,False
108871629797692793,108871629798741439,/Game/Maps/Pitt/Pitt,5,9,2,BODY,18,False
108871629797692793,108871629798741439,/Game/Maps/Pitt/Pitt,5,9,2,BODY,17.9447136,False
108871629797692793,108871629798741439,/Game/Maps/Pitt/Pitt,5,9,2,BODY,6.4609108,True
108871629797692793,108871629798741439,/Game/Maps/Pitt/Pitt,5,7,5,BODY,65,False
108871629797692793,108871629798741439,/Game/Maps/Pitt/Pitt,5,9,4,BODY,17.4635201,False
108871629797692793,108871629798741439,/Game/Maps/Pitt/Pitt,5,9,4,BODY,17.5331879,False
108871629797692793,108871629798741439,/Game/Maps/Pitt/Pitt,5,9,4,BODY,17.5889053,False
108871629797692793,108871629798741439,/Game/Maps/Pitt/Pitt,5,9,4,HEAD,53.1485748,False
108871629797692793,108871629798741439,/Game/Maps/Pitt/Pitt,5,4,10,BODY,40,False
108871629797692793,108871629798741439,/Game/Maps/Pitt/Pitt,5,7,5,BODY,65,False
108871629797692793,108871629798741439,/Game/Maps/Pitt/Pitt,5,9,4,BODY,17.7582512,False
108871629797692793,108871629798741439,/Game/Maps/Pitt/Pitt,5,9,4,BODY,17.7114143,False
108871629797692793,108871629798741439,/Game/Maps/Pitt/Pitt,5,4,10,BODY,40,False
108871629797692793,108871629798741439,/Game/Maps/Pitt/Pitt,5,4,10,HEAD,45,True
108871629797692793,108871629798741439,/Game/Maps/Pitt/Pitt,5,7,5,HEAD,20,True
108871629797692793,108871629798741439,/Game/Maps/Pitt/Pitt,5,9,4,HEAD,8.79615,True
108871629797692793,108871629798741439,/Game/Maps/Pitt/Pitt,5,1,8,HEAD,100,True
108871629797692793,108871629798741439,/Game/Maps/Pitt/Pitt,5,3,6,GENERAL,2,False
108871629797692793,108871629798741439,/Game/Maps/Pitt/Pitt,5,3,6,GENERAL,2,False
108871629797692793,108871629798741439,/Game/Maps/Pitt/Pitt,5,3,6,GENERAL,2,False
108871629797692793,108871629798741439,/Game/Maps/Pitt/Pitt,5,3,6,GENERAL,2,False
108871629797692793,108871629798741439,/Game/Maps/Pitt/Pitt,5,3,6,GENERAL,2,False
108871629797692793,108871629798741439,/Game/Maps/Pitt/Pitt,5,3,6,GENERAL,2,False
108871629797692793,108871629798741439,/Game/Maps/Pitt/Pitt,5,3,6,GENERAL,2,False
108871629797692793,108871629798741439,/Game/Maps/Pitt/Pitt,5,3,6,GENERAL,2,False
108871629797692793,108871629798741439,/Game/Maps/Pitt/Pitt,5,3,6,GENERAL,2,False
108871629797692793,108871629798741439,/Game/Maps/Pitt/Pitt,5,3,6,GENERAL,2,False
108871629797692793,108871629798741439,/Game/Maps/Pitt/Pitt,5,3,6,GENERAL,2,False
108871629797692793,108871629798741439,/Game/Maps/Pitt/Pitt,5,3,6,GENERAL,2,False
108871629797692793,108871629798741439,/Game/Maps/Pitt/Pitt,5,3,6,GENERAL,2,False
108871629797692793,108871629798741439,/Game/Maps/Pitt/Pitt,5,3,6,GENERAL,2,False
108871629797692793,108871629798741439,/Game/Maps/Pitt/Pitt,5,3,6,GENERAL,2,False
108871629797692793,108871629798741439,/Game/Maps/Pitt/Pitt,5,3,6,GENERAL,2,False
108871629797692793,108871629798741439,/Game/Maps/Pitt/Pitt,5,9,1,BODY,17.0132561,False
108871629797692793,108871629798741439,/Game/Maps/Pitt/Pitt,5,3,6,GENERAL,2,False
108871629797692793,108871629798741439,/Game/Maps/Pitt/Pitt,5,3,6,GENERAL,2,False
108871629797692793,108871629798741439,/Game/Maps/Pitt/Pitt,5,9,1,BODY,17.1694279,False
108871629797692793,108871629798741439,/Game/Maps/Pitt/Pitt,5,9,1,BODY,17.1630859,False
108871629797692793,108871629798741439,/Game/Maps/Pitt/Pitt,5,3,6,GENERAL,2,False
108871629797692793,108871629798741439,/Game/Maps/Pitt/Pitt,5,3,6,GENERAL,2,False
108871629797692793,108871629798741439,/Game/Maps/Pitt/Pitt,5,3,6,GENERAL,2,False
108871629797692793,108871629798741439,/Game/Maps/Pitt/Pitt,5,3,6,GENERAL,2,False
108871629797692793,108871629798741439,/Game/Maps/Pitt/Pitt,5,3,6,GENERAL,2,False
108871629797692793,108871629798741439,/Game/Maps/Pitt/Pitt,5,3,6,GENERAL,2,False
108871629797692793,108871629798741439,/Game/Maps/Pitt/Pitt,5,3,6,GENERAL,2,False
108871629797692793,108871629798741439,/Game/Maps/Pitt/Pitt,5,3,6,GENERAL,2,False
108871629797692793,108871629798741439,/Game/Maps/Pitt/Pitt,5,3,6,GENERAL,2,False
108871629797692793,108871629798741439,/Game/Maps/Pitt/Pitt,5,3,6,GENERAL,2,False
108871629797692793,108871629798741439,/Game/Maps/Pitt/Pitt,5,3,6,GENERAL,2,False
108871629797692793,108871629798741439,/Game/Maps/Pitt/Pitt,5,3,6,GENERAL,2,False
108871629797692793,108871629798741439,/Game/Maps/Pitt/Pitt,5,3,6,GENERAL,2,False
108871629797692793,108871629798741439,/Game/Maps/Pitt/Pitt,5,3,6,GENERAL,2,False
108871629797692793,108871629798741439,/Game/Maps/Pitt/Pitt,5,3,6,GENERAL,2,False
108871629797692793,108871629798741439,/Game/Maps/Pitt/Pitt,5,3,6,GENERAL,2,False
108871629797692793,108871629798741439,/Game/Maps/Pitt/Pitt,5,3,6,GENERAL,2,False
108871629797692793,108871629798741439,/Game/Maps/Pitt/Pitt,5,3,6,GENERAL,2,False
108871629797692793,108871629798741439,/Game/Maps/Pitt/Pitt,5,3,6,GENERAL,2,False
108871629797692793,108871629798741439,/Game/Maps/Pitt/Pitt,5,3,6,GENERAL,2,False
108871629797692793,108871629798741439,/Game/Maps/Pitt/Pitt,5,3,6,GENERAL,2,False
108871629797692793,108871629798741439,/Game/Maps/Pitt/Pitt,5,3,6,GENERAL,2,False
108871629797692793,108871629798741439,/Game/Maps/Pitt/Pitt,5,3,6,GENERAL,2,False
108871629797692793,108871629798741439,/Game/Maps/Pitt/Pitt,5,3,6,GENERAL,2,False
108871629797692793,108871629798741439,/Game/Maps/Pitt/Pitt,5,3,6,GENERAL,2,False
108871629797692793,108871629798741439,/Game/Maps/Pitt/Pitt,5,3,6,GENERAL,2,False
108871629797692793,108871629798741439,/Game/Maps/Pitt/Pitt,5,3,6,GENERAL,2,False
108871629797692793,108871629798741439,/Game/Maps/Pitt/Pitt,5,3,6,GENERAL,2,False
108871629797692793,108871629798741439,/Game/Maps/Pitt/Pitt,5,3,6,GENERAL,2,False
108871629797692793,108871629798741439,/Game/Maps/Pitt/Pitt,5,1,6,BODY,0.910438538,True
108871629797692793,108871629798741439,/Game/Maps/Pitt/Pitt,5,7,1,BODY,65,False
108871629797692793,108871629798741439,/Game/Maps/Pitt/Pitt,5,1,7,BODY,35,False
108871629797692793,108871629798741439,/Game/Maps/Pitt/Pitt,5,1,7,BODY,35,False
108871629797692793,108871629798741439,/Game/Maps/Pitt/Pitt,5,1,7,BODY,35,False
108871629797692793,108871629798741439,/Game/Maps/Pitt/Pitt,5,1,7,BODY,20.0000038,True
108871629797692793,108871629798741439,/Game/Maps/Pitt/Pitt,5,9,1,HEAD,93.6542206,True
108871629797692793,108871629798741439,/Game/Maps/Pitt/Pitt,5,3,9,HEAD,103,True
108871629797692793,108871629798741439,/Game/Maps/Pitt/Pitt,6,9,4,BODY,40,False
108871629797692793,108871629798741439,/Game/Maps/Pitt/Pitt,6,9,4,HEAD,110,True
108871629797692793,108871629798741439,/Game/Maps/Pitt/Pitt,6,6,1,BODY,19.4816494,False
108871629797692793,108871629798741439,/Game/Maps/Pitt/Pitt,6,6,1,BODY,15.7663794,False
108871629797692793,108871629798741439,/Game/Maps/Pitt/Pitt,6,6,1,BODY,17.7521362,False
108871629797692793,108871629798741439,/Game/Maps/Pitt/Pitt,6,9,1,HEAD,70.4438171,False
108871629797692793,108871629798741439,/Game/Maps/Pitt/Pitt,6,7,1,LEG,14.5344963,False
108871629797692793,108871629798741439,/Game/Maps/Pitt/Pitt,6,9,1,HEAD,12.0215225,True
108871629797692793,108871629798741439,/Game/Maps/Pitt/Pitt,6,3,6,GENERAL,2,False
108871629797692793,108871629798741439,/Game/Maps/Pitt/Pitt,6,3,6,GENERAL,2,False
108871629797692793,108871629798741439,/Game/Maps/Pitt/Pitt,6,3,6,GENERAL,2,False
108871629797692793,108871629798741439,/Game/Maps/Pitt/Pitt,6,3,6,GENERAL,2,False
108871629797692793,108871629798741439,/Game/Maps/Pitt/Pitt,6,3,6,GENERAL,2,False
108871629797692793,108871629798741439,/Game/Maps/Pitt/Pitt,6,3,6,GENERAL,2,False
108871629797692793,108871629798741439,/Game/Maps/Pitt/Pitt,6,3,6,GENERAL,2,False
108871629797692793,108871629798741439,/Game/Maps/Pitt/Pitt,6,3,6,GENERAL,2,False
108871629797692793,108871629798741439,/Game/Maps/Pitt/Pitt,6,3,6,GENERAL,2,False
108871629797692793,108871629798741439,/Game/Maps/Pitt/Pitt,6,3,6,GENERAL,2,False
108871629797692793,108871629798741439,/Game/Maps/Pitt/Pitt,6,3,6,GENERAL,2,False
108871629797692793,108871629798741439,/Game/Maps/Pitt/Pitt,6,3,6,GENERAL,2,False
108871629797692793,108871629798741439,/Game/Maps/Pitt/Pitt,6,3,6,GENERAL,2,False
108871629797692793,108871629798741439,/Game/Maps/Pitt/Pitt,6,3,6,GENERAL,2,False
108871629797692793,108871629798741439,/Game/Maps/Pitt/Pitt,6,3,6,GENERAL,2,False
108871629797692793,108871629798741439,/Game/Maps/Pitt/Pitt,6,3,6,GENERAL,2,False
108871629797692793,108871629798741439,/Game/Maps/Pitt/Pitt,6,3,6,GENERAL,2,False
108871629797692793,108871629798741439,/Game/Maps/Pitt/Pitt,6,3,6,GENERAL,2,False
108871629797692793,108871629798741439,/Game/Maps/Pitt/Pitt,6,3,6,GENERAL,2,False
108871629797692793,108871629798741439,/Game/Maps/Pitt/Pitt,6,3,6,GENERAL,2,False
108871629797692793,108871629798741439,/Game/Maps/Pitt/Pitt,6,3,6,GENERAL,2,False
108871629797692793,108871629798741439,/Game/Maps/Pitt/Pitt,6,3,6,GENERAL,2,False
108871629797692793,108871629798741439,/Game/Maps/Pitt/Pitt,6,3,6,GENERAL,2,False
108871629797692793,108871629798741439,/Game/Maps/Pitt/Pitt,6,3,6,GENERAL,2,False
108871629797692793,108871629798741439,/Game/Maps/Pitt/Pitt,6,3,6,GENERAL,2,False
108871629797692793,108871629798741439,/Game/Maps/Pitt/Pitt,6,3,6,GENERAL,2,False
108871629797692793,108871629798741439,/Game/Maps/Pitt/Pitt,6,3,6,GENERAL,2,False
108871629797692793,108871629798741439,/Game/Maps/Pitt/Pitt,6,3,6,GENERAL,2,False
108871629797692793,108871629798741439,/Game/Maps/Pitt/Pitt,6,3,6,GENERAL,2,False
108871629797692793,108871629798741439,/Game/Maps/Pitt/Pitt,6,9,3,BODY,40,False
108871629797692793,108871629798741439,/Game/Maps/Pitt/Pitt,6,9,3,BODY,40,False
108871629797692793,108871629798741439,/Game/Maps/Pitt/Pitt,6,9,3,BODY,40,False
108871629797692793,108871629798741439,/Game/Maps/Pitt/Pitt,6,9,3,BODY,30,True
108871629797692793,108871629798741439,/Game/Maps/Pitt/Pitt,6,6,5,BODY,39,False
108871629797692793,108871629798741439,/Game/Maps/Pitt/Pitt,6,6,5,BODY,39,False
108871629797692793,108871629798741439,/Game/Maps/Pitt/Pitt,6,5,6,HEAD,66.999939,True
108871629797692793,108871629798741439,/Game/Maps/Pitt/Pitt,6,5,9,HEAD,115.5,False
108871629797692793,108871629798741439,/Game/Maps/Pitt/Pitt,6,9,5,HEAD,71.9999924,True
108871629797692793,108871629798741439,/Game/Maps/Pitt/Pitt,6,9,2,BODY,40,False
108871629797692793,108871629798741439,/Game/Maps/Pitt/Pitt,6,2,9,BODY,9.5,True
108871629797692793,108871629798741439,/Game/Maps/Pitt/Pitt,6,8,2,BODY,35,False
108871629797692793,108871629798741439,/Game/Maps/Pitt/Pitt,6,8,2,BODY,35,False
108871629797692793,108871629798741439,/Game/Maps/Pitt/Pitt,6,8,2,BODY,35,False
108871629797692793,108871629798741439,/Game/Maps/Pitt/Pitt,6,8,2,BODY,5,True
108871629797692793,108871629798741439,/Game/Maps/Pitt/Pitt,7,2,9,BODY,26,False
108871629797692793,108871629798741439,/Game/Maps/Pitt/Pitt,7,5,9,BODY,49.7382965,False
108871629797692793,108871629798741439,/Game/Maps/Pitt/Pitt,7,2,9,BODY,26,False
108871629797692793,108871629798741439,/Game/Maps/Pitt/Pitt,7,9,2,BODY,40,False
108871629797692793,108871629798741439,/Game/Maps/Pitt/Pitt,7,4,9,BODY,23.2617,True
108871629797692793,108871629798741439,/Game/Maps/Pitt/Pitt,7,3,8,GENERAL,2,False
108871629797692793,108871629798741439,/Game/Maps/Pitt/Pitt,7,3,8,GENERAL,2,False
108871629797692793,108871629798741439,/Game/Maps/Pitt/Pitt,7,3,8,GENERAL,2,False
108871629797692793,108871629798741439,/Game/Maps/Pitt/Pitt,7,3,8,GENERAL,2,False
108871629797692793,108871629798741439,/Game/Maps/Pitt/Pitt,7,3,8,GENERAL,2,False
108871629797692793,108871629798741439,/Game/Maps/Pitt/Pitt,7,10,3,BODY,40,False
108871629797692793,108871629798741439,/Game/Maps/Pitt/Pitt,7,10,3,BODY,40,False
108871629797692793,108871629798741439,/Game/Maps/Pitt/Pitt,7,10,3,HEAD,45,True
108871629797692793,108871629798741439,/Game/Maps/Pitt/Pitt,7,10,1,BODY,17.2424984,False
108871629797692793,108871629798741439,/Game/Maps/Pitt/Pitt,7,7,4,HEAD,100,True
108871629797692793,108871629798741439,/Game/Maps/Pitt/Pitt,7,7,5,HEAD,125,True
108871629797692793,108871629798741439,/Game/Maps/Pitt/Pitt,7,6,2,HEAD,100,True
108871629797692793,108871629798741439,/Game/Maps/Pitt/Pitt,7,10,1,BODY,40,False
108871629797692793,108871629798741439,/Game/Maps/Pitt/Pitt,7,10,1,BODY,40,False
108871629797692793,108871629798741439,/Game/Maps/Pitt/Pitt,7,10,1,HEAD,2.75749969,True
108871629797692793,108871629798741439,/Game/Maps/Pitt/Pitt,8,3,7,GENERAL,2,False
108871629797692793,108871629798741439,/Game/Maps/Pitt/Pitt,8,3,7,GENERAL,2,False
108871629797692793,108871629798741439,/Game/Maps/Pitt/Pitt,8,3,7,GENERAL,2,False
108871629797692793,108871629798741439,/Game/Maps/Pitt/Pitt,8,3,7,GENERAL,2,False
108871629797692793,108871629798741439,/Game/Maps/Pitt/Pitt,8,3,7,GENERAL,2,False
108871629797692793,108871629798741439,/Game/Maps/Pitt/Pitt,8,3,7,GENERAL,2,False
108871629797692793,108871629798741439,/Game/Maps/Pitt/Pitt,8,3,7,GENERAL,2,False
108871629797692793,108871629798741439,/Game/Maps/Pitt/Pitt,8,6,3,HEAD,150,True
108871629797692793,108871629798741439,/Game/Maps/Pitt/Pitt,8,4,7,BODY,40,False
108871629797692793,108871629798741439,/Game/Maps/Pitt/Pitt,8,7,4,HEAD,136.347031,False
108871629797692793,108871629798741439,/Game/Maps/Pitt/Pitt,8,6,5,HEAD,150,True
108871629797692793,108871629798741439,/Game/Maps/Pitt/Pitt,8,2,7,BODY,39,False
108871629797692793,108871629798741439,/Game/Maps/Pitt/Pitt,8,2,7,BODY,39,False
108871629797692793,108871629798741439,/Game/Maps/Pitt/Pitt,8,2,7,BODY,17.9999733,True
108871629797692793,108871629798741439,/Game/Maps/Pitt/Pitt,8,6,2,BODY,35,False
108871629797692793,108871629798741439,/Game/Maps/Pitt/Pitt,8,6,2,BODY,20.2384529,False
108871629797692793,108871629798741439,/Game/Maps/Pitt/Pitt,8,6,2,BODY,17.0825214,False
108871629797692793,108871629798741439,/Game/Maps/Pitt/Pitt,8,6,2,BODY,23.3524971,False
108871629797692793,108871629798741439,/Game/Maps/Pitt/Pitt,8,6,2,BODY,18.0380135,False
108871629797692793,108871629798741439,/Game/Maps/Pitt/Pitt,8,2,6,BODY,35,False
108871629797692793,108871629798741439,/Game/Maps/Pitt/Pitt,8,2,6,BODY,35,False
108871629797692793,108871629798741439,/Game/Maps/Pitt/Pitt,8,2,6,BODY,35,False
108871629797692793,108871629798741439,/Game/Maps/Pitt/Pitt,8,2,6,BODY,13.0995407,False
108871629797692793,108871629798741439,/Game/Maps/Pitt/Pitt,8,8,4,HEAD,73.6529694,True
108871629797692793,108871629798741439,/Game/Maps/Pitt/Pitt,8,8,1,LEG,21.9861679,False
108871629797692793,108871629798741439,/Game/Maps/Pitt/Pitt,8,8,1,LEG,26.35,False
108871629797692793,108871629798741439,/Game/Maps/Pitt/Pitt,8,8,1,BODY,14.7856407,False
108871629797692793,108871629798741439,/Game/Maps/Pitt/Pitt,8,8,1,BODY,13.4483757,False
108871629797692793,108871629798741439,/Game/Maps/Pitt/Pitt,8,8,1,BODY,14.3349895,False
108871629797692793,108871629798741439,/Game/Maps/Pitt/Pitt,8,8,1,BODY,31,False
108871629797692793,108871629798741439,/Game/Maps/Pitt/Pitt,8,1,8,BODY,31,False
108871629797692793,108871629798741439,/Game/Maps/Pitt/Pitt,8,8,1,HEAD,28.0948257,True
108871629797692793,108871629798741439,/Game/Maps/Pitt/Pitt,8,2,8,HEAD,87.3329926,True
108871629797692793,108871629798741439,/Game/Maps/Pitt/Pitt,9,9,2,BODY,39,False
108871629797692793,108871629798741439,/Game/Maps/Pitt/Pitt,9,9,2,BODY,39,False
108871629797692793,108871629798741439,/Game/Maps/Pitt/Pitt,9,2,9,HEAD,150,True
108871629797692793,108871629798741439,/Game/Maps/Pitt/Pitt,9,8,3,BODY,39,False
108871629797692793,108871629798741439,/Game/Maps/Pitt/Pitt,9,3,8,HEAD,125,True
108871629797692793,108871629798741439,/Game/Maps/Pitt/Pitt,9,1,7,BODY,50,False
108871629797692793,108871629798741439,/Game/Maps/Pitt/Pitt,9,5,7,BODY,50,False
108871629797692793,108871629798741439,/Game/Maps/Pitt/Pitt,9,2,10,BODY,125,True
108871629797692793,108871629798741439,/Game/Maps/Pitt/Pitt,9,2,7,HEAD,50,True
108871629797692793,108871629798741439,/Game/Maps/Pitt/Pitt,9,4,6,HEAD,125,True
108871629797692793,108871629798741439,/Game/Maps/Pitt/Pitt,10,10,3,BODY,21.1990738,False
108871629797692793,108871629798741439,/Game/Maps/Pitt/Pitt,10,10,3,BODY,13.411932,False
108871629797692793,108871629798741439,/Game/Maps/Pitt/Pitt,10,10,3,BODY,15.1348095,False
108871629797692793,108871629798741439,/Game/Maps/Pitt/Pitt,10,8,2,BODY,35,False
108871629797692793,108871629798741439,/Game/Maps/Pitt/Pitt,10,8,2,BODY,35,False
108871629797692793,108871629798741439,/Game/Maps/Pitt/Pitt,10,2,8,HEAD,125,True
108871629797692793,108871629798741439,/Game/Maps/Pitt/Pitt,10,6,2,BODY,35,False
108871629797692793,108871629798741439,/Game/Maps/Pitt/Pitt,10,2,6,BODY,35,False
108871629797692793,108871629798741439,/Game/Maps/Pitt/Pitt,10,2,6,BODY,35,False
108871629797692793,108871629798741439,/Game/Maps/Pitt/Pitt,10,6,2,HEAD,45.0000076,True
108871629797692793,108871629798741439,/Game/Maps/Pitt/Pitt,10,4,6,BODY,40,False
108871629797692793,108871629798741439,/Game/Maps/Pitt/Pitt,10,4,6,BODY,15.0000038,True
108871629797692793,108871629798741439,/Game/Maps/Pitt/Pitt,10,5,9,BODY,27.246357,False
108871629797692793,108871629798741439,/Game/Maps/Pitt/Pitt,10,3,9,BODY,39,False
108871629797692793,108871629798741439,/Game/Maps/Pitt/Pitt,10,3,9,LEG,33.15,False
108871629797692793,108871629798741439,/Game/Maps/Pitt/Pitt,10,9,3,BODY,18,False
108871629797692793,108871629798741439,/Game/Maps/Pitt/Pitt,10,3,9,HEAD,50.6036415,True
108871629797692793,108871629798741439,/Game/Maps/Pitt/Pitt,10,4,10,BODY,40,False
108871629797692793,108871629798741439,/Game/Maps/Pitt/Pitt,10,4,10,BODY,80,False
108871629797692793,108871629798741439,/Game/Maps/Pitt/Pitt,10,5,10,BODY,30,True
108871629797692793,108871629798741439,/Game/Maps/Pitt/Pitt,10,7,3,BODY,27.6214752,False
108871629797692793,108871629798741439,/Game/Maps/Pitt/Pitt,10,7,3,HEAD,54.6327095,True
108871629797692793,108871629798741439,/Game/Maps/Pitt/Pitt,10,7,5,BODY,40,False
108871629797692793,108871629798741439,/Game/Maps/Pitt/Pitt,10,7,4,BODY,30.2304688,False
108871629797692793,108871629798741439,/Game/Maps/Pitt/Pitt,10,5,7,HEAD,125,True
108871629797692793,108871629798741439,/Game/Maps/Pitt/Pitt,11,2,9,BODY,35,False
108871629797692793,108871629798741439,/Game/Maps/Pitt/Pitt,11,5,9,HEAD,90,True
108871629797692793,108871629798741439,/Game/Maps/Pitt/Pitt,11,7,1,BODY,150,True
108871629797692793,108871629798741439,/Game/Maps/Pitt/Pitt,11,7,5,BODY,150,True
108871629797692793,108871629798741439,/Game/Maps/Pitt/Pitt,11,3,8,GENERAL,2,False
108871629797692793,108871629798741439,/Game/Maps/Pitt/Pitt,11,3,8,GENERAL,2,False
108871629797692793,108871629798741439,/Game/Maps/Pitt/Pitt,11,3,8,GENERAL,2,False
108871629797692793,108871629798741439,/Game/Maps/Pitt/Pitt,11,2,10,BODY,51.7683716,False
108871629797692793,108871629798741439,/Game/Maps/Pitt/Pitt,11,3,8,GENERAL,2,False
108871629797692793,108871629798741439,/Game/Maps/Pitt/Pitt,11,3,8,GENERAL,2,False
108871629797692793,108871629798741439,/Game/Maps/Pitt/Pitt,11,3,8,GENERAL,2,False
108871629797692793,108871629798741439,/Game/Maps/Pitt/Pitt,11,3,8,GENERAL,2,False
108871629797692793,108871629798741439,/Game/Maps/Pitt/Pitt,11,3,8,GENERAL,2,False
108871629797692793,108871629798741439,/Game/Maps/Pitt/Pitt,11,3,8,GENERAL,2,False
108871629797692793,108871629798741439,/Game/Maps/Pitt/Pitt,11,3,8,GENERAL,2,False
108871629797692793,108871629798741439,/Game/Maps/Pitt/Pitt,11,3,8,GENERAL,2,False
108871629797692793,108871629798741439,/Game/Maps/Pitt/Pitt,11,3,8,GENERAL,2,False
108871629797692793,108871629798741439,/Game/Maps/Pitt/Pitt,11,3,8,GENERAL,2,False
108871629797692793,108871629798741439,/Game/Maps/Pitt/Pitt,11,3,8,GENERAL,2,False
108871629797692793,108871629798741439,/Game/Maps/Pitt/Pitt,11,3,8,GENERAL,2,False
108871629797692793,108871629798741439,/Game/Maps/Pitt/Pitt,11,3,8,GENERAL,2,False
108871629797692793,108871629798741439,/Game/Maps/Pitt/Pitt,11,3,8,GENERAL,2,False
108871629797692793,108871629798741439,/Game/Maps/Pitt/Pitt,11,3,8,GENERAL,2,False
108871629797692793,108871629798741439,/Game/Maps/Pitt/Pitt,11,3,8,GENERAL,2,False
108871629797692793,108871629798741439,/Game/Maps/Pitt/Pitt,11,3,8,GENERAL,2,False
108871629797692793,108871629798741439,/Game/Maps/Pitt/Pitt,11,3,8,GENERAL,2,False
108871629797692793,108871629798741439,/Game/Maps/Pitt/Pitt,11,2,10,BODY,26.9982758,False
108871629797692793,108871629798741439,/Game/Maps/Pitt/Pitt,11,3,8,GENERAL,2,False
108871629797692793,108871629798741439,/Game/Maps/Pitt/Pitt,11,3,8,GENERAL,2,False
108871629797692793,108871629798741439,/Game/Maps/Pitt/Pitt,11,3,8,GENERAL,2,False
108871629797692793,108871629798741439,/Game/Maps/Pitt/Pitt,11,3,8,GENERAL,2,False
108871629797692793,108871629798741439,/Game/Maps/Pitt/Pitt,11,2,10,BODY,37.1569672,False
108871629797692793,108871629798741439,/Game/Maps/Pitt/Pitt,11,3,8,GENERAL,2,False
108871629797692793,108871629798741439,/Game/Maps/Pitt/Pitt,11,3,8,GENERAL,2,False
108871629797692793,108871629798741439,/Game/Maps/Pitt/Pitt,11,3,8,GENERAL,2,False
108871629797692793,108871629798741439,/Game/Maps/Pitt/Pitt,11,3,8,GENERAL,2,False
108871629797692793,108871629798741439,/Game/Maps/Pitt/Pitt,11,3,8,GENERAL,2,False
108871629797692793,108871629798741439,/Game/Maps/Pitt/Pitt,11,3,8,GENERAL,2,False
108871629797692793,108871629798741439,/Game/Maps/Pitt/Pitt,11,3,8,GENERAL,2,False
108871629797692793,108871629798741439,/Game/Maps/Pitt/Pitt,11,10,4,BODY,150,True
108871629797692793,108871629798741439,/Game/Maps/Pitt/Pitt,11,2,10,HEAD,34.0763855,True
108871629797692793,108871629798741439,/Game/Maps/Pitt/Pitt,11,8,2,BODY,39,False
108871629797692793,108871629798741439,/Game/Maps/Pitt/Pitt,11,8,2,BODY,39,False
108871629797692793,108871629798741439,/Game/Maps/Pitt/Pitt,11,2,8,BODY,39,False
108871629797692793,108871629798741439,/Game/Maps/Pitt/Pitt,11,8,2,BODY,39,False
108871629797692793,108871629798741439,/Game/Maps/Pitt/Pitt,11,2,8,BODY,21.999939,True
108871629797692793,108871629798741439,/Game/Maps/Pitt/Pitt,11,6,2,LEG,29.75,False
108871629797692793,108871629798741439,/Game/Maps/Pitt/Pitt,11,2,6,BODY,40,False
108871629797692793,108871629798741439,/Game/Maps/Pitt/Pitt,11,2,6,BODY,40,False
108871629797692793,108871629798741439,/Game/Maps/Pitt/Pitt,11,2,6,BODY,40,False
108871629797692793,108871629798741439,/Game/Maps/Pitt/Pitt,11,6,2,BODY,3.24999237,True
108871629797692793,108871629798741439,/Game/Maps/Pitt/Pitt,11,7,3,BODY,40,False
108871629797692793,108871629798741439,/Game/Maps/Pitt/Pitt,11,7,3,BODY,40,False
108871629797692793,108871629798741439,/Game/Maps/Pitt/Pitt,11,7,3,BODY,40,False
108871629797692793,108871629798741439,/Game/Maps/Pitt/Pitt,11,7,3,BODY,30,True
108871629797692793,108871629798741439,/Game/Maps/Pitt/Pitt,12,7,7,GENERAL,100,True
108871629797692793,108871629798741439,/Game/Maps/Pitt/Pitt,12,6,6,GENERAL,5,True
108871629797692793,108871629798741439,/Game/Maps/Pitt/Pitt,12,2,8,LEG,33.15,False
108871629797692793,108871629798741439,/Game/Maps/Pitt/Pitt,12,2,8,HEAD,91.85,True
108871629797692793,108871629798741439,/Game/Maps/Pitt/Pitt,12,3,9,GENERAL,2,False
108871629797692793,108871629798741439,/Game/Maps/Pitt/Pitt,12,3,9,GENERAL,2,False
108871629797692793,108871629798741439,/Game/Maps/Pitt/Pitt,12,7,4,BODY,150,True
108871629797692793,108871629798741439,/Game/Maps/Pitt/Pitt,12,9,1,HEAD,150,True
108871629797692793,108871629798741439,/Game/Maps/Pitt/Pitt,12,3,7,GENERAL,2,False
108871629797692793,108871629798741439,/Game/Maps/Pitt/Pitt,12,3,7,GENERAL,2,False
108871629797692793,108871629798741439,/Game/Maps/Pitt/Pitt,12,3,7,GENERAL,2,False
108871629797692793,108871629798741439,/Game/Maps/Pitt/Pitt,12,3,7,GENERAL,2,False
108871629797692793,108871629798741439,/Game/Maps/Pitt/Pitt,12,3,7,GENERAL,2,False
108871629797692793,108871629798741439,/Game/Maps/Pitt/Pitt,12,9,2,LEG,34,False
108871629797692793,108871629798741439,/Game/Maps/Pitt/Pitt,12,3,7,GENERAL,2,False
108871629797692793,108871629798741439,/Game/Maps/Pitt/Pitt,12,3,7,GENERAL,2,False
108871629797692793,108871629798741439,/Game/Maps/Pitt/Pitt,12,3,7,GENERAL,2,False
108871629797692793,108871629798741439,/Game/Maps/Pitt/Pitt,12,9,2,BODY,40,False
108871629797692793,108871629798741439,/Game/Maps/Pitt/Pitt,12,3,7,GENERAL,2,False
108871629797692793,108871629798741439,/Game/Maps/Pitt/Pitt,12,3,7,GENERAL,2,False
108871629797692793,108871629798741439,/Game/Maps/Pitt/Pitt,12,3,7,GENERAL,2,False
108871629797692793,108871629798741439,/Game/Maps/Pitt/Pitt,12,3,7,GENERAL,2,False
108871629797692793,108871629798741439,/Game/Maps/Pitt/Pitt,12,3,7,GENERAL,2,False
108871629797692793,108871629798741439,/Game/Maps/Pitt/Pitt,12,3,7,GENERAL,2,False
108871629797692793,108871629798741439,/Game/Maps/Pitt/Pitt,12,3,7,BODY,70,False
108871629797692793,108871629798741439,/Game/Maps/Pitt/Pitt,12,3,7,GENERAL,2,False
108871629797692793,108871629798741439,/Game/Maps/Pitt/Pitt,12,3,7,GENERAL,2,False
108871629797692793,108871629798741439,/Game/Maps/Pitt/Pitt,12,3,7,GENERAL,2,False
108871629797692793,108871629798741439,/Game/Maps/Pitt/Pitt,12,3,7,GENERAL,2,False
108871629797692793,108871629798741439,/Game/Maps/Pitt/Pitt,12,3,7,GENERAL,2,False
108871629797692793,108871629798741439,/Game/Maps/Pitt/Pitt,12,2,2,BODY,25.5965042,False
108871629797692793,108871629798741439,/Game/Maps/Pitt/Pitt,12,3,2,GENERAL,0.66,False
108871629797692793,108871629798741439,/Game/Maps/Pitt/Pitt,12,3,2,GENERAL,0.66,False
108871629797692793,108871629798741439,/Game/Maps/Pitt/Pitt,12,3,2,GENERAL,0.66,False
108871629797692793,108871629798741439,/Game/Maps/Pitt/Pitt,12,3,2,GENERAL,0.66,False
108871629797692793,108871629798741439,/Game/Maps/Pitt/Pitt,12,3,2,GENERAL,0.66,False
108871629797692793,108871629798741439,/Game/Maps/Pitt/Pitt,12,3,2,GENERAL,0.66,False
108871629797692793,108871629798741439,/Game/Maps/Pitt/Pitt,12,3,2,GENERAL,0.66,False
108871629797692793,108871629798741439,/Game/Maps/Pitt/Pitt,12,3,2,GENERAL,0.66,False
108871629797692793,108871629798741439,/Game/Maps/Pitt/Pitt,12,3,2,GENERAL,0.66,False
108871629797692793,108871629798741439,/Game/Maps/Pitt/Pitt,12,3,2,GENERAL,0.66,False
108871629797692793,108871629798741439,/Game/Maps/Pitt/Pitt,12,3,2,GENERAL,0.66,False
108871629797692793,108871629798741439,/Game/Maps/Pitt/Pitt,12,3,2,GENERAL,0.66,False
108871629797692793,108871629798741439,/Game/Maps/Pitt/Pitt,12,3,2,GENERAL,0.66,False
108871629797692793,108871629798741439,/Game/Maps/Pitt/Pitt,12,3,2,GENERAL,0.66,False
108871629797692793,108871629798741439,/Game/Maps/Pitt/Pitt,12,3,2,GENERAL,0.66,False
108871629797692793,108871629798741439,/Game/Maps/Pitt/Pitt,12,3,2,GENERAL,0.66,False
108871629797692793,108871629798741439,/Game/Maps/Pitt/Pitt,12,6,2,HEAD,39.8435,True
108871629797692793,108871629798741439,/Game/Maps/Pitt/Pitt,12,6,5,HEAD,150,True
108871629797692793,108871629798741439,/Game/Maps/Pitt/Pitt,12,3,6,BODY,39,False
108871629797692793,108871629798741439,/Game/Maps/Pitt/Pitt,12,3,6,BODY,39,False
108871629797692793,108871629798741439,/Game/Maps/Pitt/Pitt,12,6,3,HEAD,150,True
108871629797692793,108871629798741439,/Game/Maps/Pitt/Pitt,13,2,9,HEAD,78,False
108871629797692793,108871629798741439,/Game/Maps/Pitt/Pitt,13,2,9,BODY,22,True
108871629797692793,108871629798741439,/Game/Maps/Pitt/Pitt,13,1,6,BODY,26,False
108871629797692793,108871629798741439,/Game/Maps/Pitt/Pitt,13,6,1,HEAD,105,False
108871629797692793,108871629798741439,/Game/Maps/Pitt/Pitt,13,6,1,BODY,20,True
108871629797692793,108871629798741439,/Game/Maps/Pitt/Pitt,13,5,6,HEAD,74,True
108871629797692793,108871629798741439,/Game/Maps/Pitt/Pitt,13,10,4,BODY,26,False
108871629797692793,108871629798741439,/Game/Maps/Pitt/Pitt,13,4,10,BODY,25,False
108871629797692793,108871629798741439,/Game/Maps/Pitt/Pitt,13,10,4,BODY,26,False
108871629797692793,108871629798741439,/Game/Maps/Pitt/Pitt,13,4,10,HEAD,75,True
108871629797692793,108871629798741439,/Game/Maps/Pitt/Pitt,13,8,4,BODY,26,False
108871629797692793,108871629798741439,/Game/Maps/Pitt/Pitt,13,8,4,BODY,22,True
108871629797692793,108871629798741439,/Game/Maps/Pitt/Pitt,13,3,8,BODY,26,False
108871629797692793,108871629798741439,/Game/Maps/Pitt/Pitt,13,8,2,BODY,26,False
108871629797692793,108871629798741439,/Game/Maps/Pitt/Pitt,13,8,3,BODY,11.162118,False
108871629797692793,108871629798741439,/Game/Maps/Pitt/Pitt,13,2,8,BODY,26,False
108871629797692793,108871629798741439,/Game/Maps/Pitt/Pitt,13,3,8,BODY,26,False
108871629797692793,108871629798741439,/Game/Maps/Pitt/Pitt,13,8,3,BODY,26,False
108871629797692793,108871629798741439,/Game/Maps/Pitt/Pitt,13,2,8,BODY,22,True
108871629797692793,108871629798741439,/Game/Maps/Pitt/Pitt,13,3,7,GENERAL,2,False
108871629797692793,108871629798741439,/Game/Maps/Pitt/Pitt,13,3,7,GENERAL,2,False
108871629797692793,108871629798741439,/Game/Maps/Pitt/Pitt,13,3,7,GENERAL,2,False
108871629797692793,108871629798741439,/Game/Maps/Pitt/Pitt,13,3,7,GENERAL,2,False
108871629797692793,108871629798741439,/Game/Maps/Pitt/Pitt,13,3,7,GENERAL,2,False
108871629797692793,108871629798741439,/Game/Maps/Pitt/Pitt,13,2,7,BODY,26,False
108871629797692793,108871629798741439,/Game/Maps/Pitt/Pitt,13,2,7,BODY,26,False
108871629797692793,108871629798741439,/Game/Maps/Pitt/Pitt,13,2,7,BODY,26,False
108871629797692793,108871629798741439,/Game/Maps/Pitt/Pitt,13,5,7,HEAD,12,True
108871629797692793,108871629798741439,/Game/Maps/Pitt/Pitt,14,1,9,BODY,30,False
108871629797692793,108871629798741439,/Game/Maps/Pitt/Pitt,14,9,1,HEAD,78,False
108871629797692793,108871629798741439,/Game/Maps/Pitt/Pitt,14,9,1,BODY,26,False
108871629797692793,108871629798741439,/Game/Maps/Pitt/Pitt,14,1,9,HEAD,70,True
108871629797692793,108871629798741439,/Game/Maps/Pitt/Pitt,14,1,7,BODY,30,False
108871629797692793,108871629798741439,/Game/Maps/Pitt/Pitt,14,8,1,BODY,26,False
108871629797692793,108871629798741439,/Game/Maps/Pitt/Pitt,14,7,1,HEAD,20,True
108871629797692793,108871629798741439,/Game/Maps/Pitt/Pitt,14,2,8,BODY,26,False
108871629797692793,108871629798741439,/Game/Maps/Pitt/Pitt,14,2,8,BODY,26,False
108871629797692793,108871629798741439,/Game/Maps/Pitt/Pitt,14,2,8,BODY,26,False
108871629797692793,108871629798741439,/Game/Maps/Pitt/Pitt,14,2,8,LEG,22,True
108871629797692793,108871629798741439,/Game/Maps/Pitt/Pitt,14,6,2,BODY,26,False
108871629797692793,108871629798741439,/Game/Maps/Pitt/Pitt,14,2,6,BODY,26,False
108871629797692793,108871629798741439,/Game/Maps/Pitt/Pitt,14,2,6,BODY,26,False
108871629797692793,108871629798741439,/Game/Maps/Pitt/Pitt,14,2,6,BODY,26,False
108871629797692793,108871629798741439,/Game/Maps/Pitt/Pitt,14,2,6,BODY,22,True
108871629797692793,108871629798741439,/Game/Maps/Pitt/Pitt,14,2,7,BODY,26,False
108871629797692793,108871629798741439,/Game/Maps/Pitt/Pitt,14,2,7,BODY,26,False
108871629797692793,108871629798741439,/Game/Maps/Pitt/Pitt,14,7,2,HEAD,78,False
108871629797692793,108871629798741439,/Game/Maps/Pitt/Pitt,14,2,7,BODY,18,True
108871629797692793,108871629798741439,/Game/Maps/Pitt/Pitt,14,10,2,BODY,30,False
108871629797692793,108871629798741439,/Game/Maps/Pitt/Pitt,14,10,2,BODY,16,True
108871629797692793,108871629798741439,/Game/Maps/Pitt/Pitt,15,10,10,GENERAL,100,True
108871629797692793,108871629798741439,/Game/Maps/Pitt/Pitt,15,2,6,BODY,27,False
108871629797692793,108871629798741439,/Game/Maps/Pitt/Pitt,15,2,6,BODY,27,False
108871629797692793,108871629798741439,/Game/Maps/Pitt/Pitt,15,2,6,BODY,27,False
108871629797692793,108871629798741439,/Game/Maps/Pitt/Pitt,15,2,6,BODY,27,False
108871629797692793,108871629798741439,/Game/Maps/Pitt/Pitt,15,2,6,BODY,17,True
108871629797692793,108871629798741439,/Game/Maps/Pitt/Pitt,15,1,8,BODY,26,False
108871629797692793,108871629798741439,/Game/Maps/Pitt/Pitt,15,8,1,HEAD,125,True
108871629797692793,108871629798741439,/Game/Maps/Pitt/Pitt,15,9,3,BODY,35,False
108871629797692793,108871629798741439,/Game/Maps/Pitt/Pitt,15,9,3,HEAD,115,True
108871629797692793,108871629798741439,/Game/Maps/Pitt/Pitt,15,2,9,HEAD,67.5,False
108871629797692793,108871629798741439,/Game/Maps/Pitt/Pitt,15,2,9,BODY,27,False
108871629797692793,108871629798741439,/Game/Maps/Pitt/Pitt,15,5,9,HEAD,30.5,True
108871629797692793,108871629798741439,/Game/Maps/Pitt/Pitt,15,2,8,BODY,27,False
108871629797692793,108871629798741439,/Game/Maps/Pitt/Pitt,15,2,8,BODY,27,False
108871629797692793,108871629798741439,/Game/Maps/Pitt/Pitt,15,8,2,BODY,39,False
108871629797692793,108871629798741439,/Game/Maps/Pitt/Pitt,15,8,2,BODY,39,False
108871629797692793,108871629798741439,/Game/Maps/Pitt/Pitt,15,8,2,BODY,39,False
108871629797692793,108871629798741439,/Game/Maps/Pitt/Pitt,15,2,8,BODY,27,False
108871629797692793,108871629798741439,/Game/Maps/Pitt/Pitt,15,8,2,BODY,8,True
108871629797692793,108871629798741439,/Game/Maps/Pitt/Pitt,15,10,5,BODY,40,False
108871629797692793,108871629798741439,/Game/Maps/Pitt/Pitt,15,10,5,BODY,27.1353683,False
108871629797692793,108871629798741439,/Game/Maps/Pitt/Pitt,15,10,5,BODY,40,False
108871629797692793,108871629798741439,/Game/Maps/Pitt/Pitt,15,10,5,BODY,40,False
108871629797692793,108871629798741439,/Game/Maps/Pitt/Pitt,15,7,5,BODY,2.86463165,True
108871629797692793,108871629798741439,/Game/Maps/Pitt/Pitt,15,7,4,BODY,17.4723244,False
108871629797692793,108871629798741439,/Game/Maps/Pitt/Pitt,15,4,7,BODY,26,False
108871629797692793,108871629798741439,/Game/Maps/Pitt/Pitt,15,7,4,HEAD,132.527679,True
108871629797692793,108871629798741439,/Game/Maps/Pitt/Pitt,16,2,10,BODY,39,False
108871629797692793,108871629798741439,/Game/Maps/Pitt/Pitt,16,10,2,HEAD,150,True
108871629797692793,108871629798741439,/Game/Maps/Pitt/Pitt,16,5,10,HEAD,86,True
108871629797692793,108871629798741439,/Game/Maps/Pitt/Pitt,16,3,8,GENERAL,2,False
108871629797692793,108871629798741439,/Game/Maps/Pitt/Pitt,16,3,8,GENERAL,2,False
108871629797692793,108871629798741439,/Game/Maps/Pitt/Pitt,16,3,8,GENERAL,2,False
108871629797692793,108871629798741439,/Game/Maps/Pitt/Pitt,16,3,8,GENERAL,2,False
108871629797692793,108871629798741439,/Game/Maps/Pitt/Pitt,16,7,4,BODY,40,False
108871629797692793,108871629798741439,/Game/Maps/Pitt/Pitt,16,3,8,GENERAL,2,False
108871629797692793,108871629798741439,/Game/Maps/Pitt/Pitt,16,3,8,GENERAL,2,False
108871629797692793,108871629798741439,/Game/Maps/Pitt/Pitt,16,3,8,GENERAL,2,False
108871629797692793,108871629798741439,/Game/Maps/Pitt/Pitt,16,3,8,GENERAL,2,False
108871629797692793,108871629798741439,/Game/Maps/Pitt/Pitt,16,7,4,BODY,40,False
108871629797692793,108871629798741439,/Game/Maps/Pitt/Pitt,16,3,8,GENERAL,2,False
108871629797692793,108871629798741439,/Game/Maps/Pitt/Pitt,16,3,8,GENERAL,2,False
108871629797692793,108871629798741439,/Game/Maps/Pitt/Pitt,16,3,8,GENERAL,2,False
108871629797692793,108871629798741439,/Game/Maps/Pitt/Pitt,16,3,8,GENERAL,2,False
108871629797692793,108871629798741439,/Game/Maps/Pitt/Pitt,16,3,8,GENERAL,2,False
108871629797692793,108871629798741439,/Game/Maps/Pitt/Pitt,16,3,8,GENERAL,2,False
108871629797692793,108871629798741439,/Game/Maps/Pitt/Pitt,16,3,8,GENERAL,2,False
108871629797692793,108871629798741439,/Game/Maps/Pitt/Pitt,16,3,8,GENERAL,2,False
108871629797692793,108871629798741439,/Game/Maps/Pitt/Pitt,16,3,8,GENERAL,2,False
108871629797692793,108871629798741439,/Game/Maps/Pitt/Pitt,16,3,8,GENERAL,2,False
108871629797692793,108871629798741439,/Game/Maps/Pitt/Pitt,16,3,8,GENERAL,2,False
108871629797692793,108871629798741439,/Game/Maps/Pitt/Pitt,16,3,8,GENERAL,2,False
108871629797692793,108871629798741439,/Game/Maps/Pitt/Pitt,16,3,8,GENERAL,2,False
108871629797692793,108871629798741439,/Game/Maps/Pitt/Pitt,16,3,8,GENERAL,2,False
108871629797692793,108871629798741439,/Game/Maps/Pitt/Pitt,16,3,8,GENERAL,2,False
108871629797692793,108871629798741439,/Game/Maps/Pitt/Pitt,16,3,8,GENERAL,2,False
108871629797692793,108871629798741439,/Game/Maps/Pitt/Pitt,16,3,8,GENERAL,2,False
108871629797692793,108871629798741439,/Game/Maps/Pitt/Pitt,16,3,8,GENERAL,2,False
108871629797692793,108871629798741439,/Game/Maps/Pitt/Pitt,16,3,8,GENERAL,2,False
108871629797692793,108871629798741439,/Game/Maps/Pitt/Pitt,16,3,8,GENERAL,2,False
108871629797692793,108871629798741439,/Game/Maps/Pitt/Pitt,16,3,8,GENERAL,2,False
108871629797692793,108871629798741439,/Game/Maps/Pitt/Pitt,16,3,8,GENERAL,2,False
108871629797692793,108871629798741439,/Game/Maps/Pitt/Pitt,16,3,8,GENERAL,2,False
108871629797692793,108871629798741439,/Game/Maps/Pitt/Pitt,16,3,8,GENERAL,2,False
108871629797692793,108871629798741439,/Game/Maps/Pitt/Pitt,16,3,8,GENERAL,2,False
108871629797692793,108871629798741439,/Game/Maps/Pitt/Pitt,16,3,8,GENERAL,2,False
108871629797692793,108871629798741439,/Game/Maps/Pitt/Pitt,16,3,8,GENERAL,2,False
108871629797692793,108871629798741439,/Game/Maps/Pitt/Pitt,16,3,8,GENERAL,2,False
108871629797692793,108871629798741439,/Game/Maps/Pitt/Pitt,16,3,8,GENERAL,2,False
108871629797692793,108871629798741439,/Game/Maps/Pitt/Pitt,16,3,8,GENERAL,2,False
108871629797692793,108871629798741439,/Game/Maps/Pitt/Pitt,16,3,8,GENERAL,2,False
108871629797692793,108871629798741439,/Game/Maps/Pitt/Pitt,16,3,8,GENERAL,2,False
108871629797692793,108871629798741439,/Game/Maps/Pitt/Pitt,16,3,8,GENERAL,2,False
108871629797692793,108871629798741439,/Game/Maps/Pitt/Pitt,16,3,8,GENERAL,2,False
108871629797692793,108871629798741439,/Game/Maps/Pitt/Pitt,16,3,8,GENERAL,2,False
108871629797692793,108871629798741439,/Game/Maps/Pitt/Pitt,16,3,8,GENERAL,2,False
108871629797692793,108871629798741439,/Game/Maps/Pitt/Pitt,16,3,8,GENERAL,2,False
108871629797692793,108871629798741439,/Game/Maps/Pitt/Pitt,16,3,8,GENERAL,2,False
108871629797692793,108871629798741439,/Game/Maps/Pitt/Pitt,16,3,8,GENERAL,2,False
108871629797692793,108871629798741439,/Game/Maps/Pitt/Pitt,16,3,8,GENERAL,2,False
108871629797692793,108871629798741439,/Game/Maps/Pitt/Pitt,16,3,8,GENERAL,2,False
108871629797692793,108871629798741439,/Game/Maps/Pitt/Pitt,16,3,9,GENERAL,2,False
108871629797692793,108871629798741439,/Game/Maps/Pitt/Pitt,16,3,8,GENERAL,2,False
108871629797692793,108871629798741439,/Game/Maps/Pitt/Pitt,16,3,9,GENERAL,2,False
108871629797692793,108871629798741439,/Game/Maps/Pitt/Pitt,16,3,8,GENERAL,2,False
108871629797692793,108871629798741439,/Game/Maps/Pitt/Pitt,16,3,9,GENERAL,2,False
108871629797692793,108871629798741439,/Game/Maps/Pitt/Pitt,16,3,8,GENERAL,2,False
108871629797692793,108871629798741439,/Game/Maps/Pitt/Pitt,16,3,9,GENERAL,2,False
108871629797692793,108871629798741439,/Game/Maps/Pitt/Pitt,16,3,8,GENERAL,2,False
108871629797692793,108871629798741439,/Game/Maps/Pitt/Pitt,16,3,8,GENERAL,2,False
108871629797692793,108871629798741439,/Game/Maps/Pitt/Pitt,16,3,8,GENERAL,2,False
108871629797692793,108871629798741439,/Game/Maps/Pitt/Pitt,16,3,8,GENERAL,2,False
108871629797692793,108871629798741439,/Game/Maps/Pitt/Pitt,16,3,8,GENERAL,2,False
108871629797692793,108871629798741439,/Game/Maps/Pitt/Pitt,16,3,8,GENERAL,2,False
108871629797692793,108871629798741439,/Game/Maps/Pitt/Pitt,16,3,8,GENERAL,2,False
108871629797692793,108871629798741439,/Game/Maps/Pitt/Pitt,16,3,8,GENERAL,2,False
108871629797692793,108871629798741439,/Game/Maps/Pitt/Pitt,16,3,8,GENERAL,2,False
108871629797692793,108871629798741439,/Game/Maps/Pitt/Pitt,16,4,8,GENERAL,1.99993896,False
108871629797692793,108871629798741439,/Game/Maps/Pitt/Pitt,16,3,8,GENERAL,1,True
108871629797692793,108871629798741439,/Game/Maps/Pitt/Pitt,16,9,1,HEAD,150,True
108871629797692793,108871629798741439,/Game/Maps/Pitt/Pitt,16,4,9,HEAD,116.999985,True
108871629797692793,108871629798741439,/Game/Maps/Pitt/Pitt,16,7,4,BODY,40,False
108871629797692793,108871629798741439,/Game/Maps/Pitt/Pitt,16,7,4,HEAD,30,True
108871629797692793,108871629798741439,/Game/Maps/Pitt/Pitt,16,3,7,BODY,40,False
108871629797692793,108871629798741439,/Game/Maps/Pitt/Pitt,16,3,7,BODY,40,False
108871629797692793,108871629798741439,/Game/Maps/Pitt/Pitt,16,3,7,BODY,40,False
108871629797692793,108871629798741439,/Game/Maps/Pitt/Pitt,16,3,7,BODY,5,True
108871629797692793,108871629798741439,/Game/Maps/Pitt/Pitt,17,3,6,HEAD,125,True
108871629797692793,108871629798741439,/Game/Maps/Pitt/Pitt,17,2,10,BODY,35,False
108871629797692793,108871629798741439,/Game/Maps/Pitt/Pitt,17,2,10,BODY,35,False
108871629797692793,108871629798741439,/Game/Maps/Pitt/Pitt,17,2,10,BODY,35,False
108871629797692793,108871629798741439,/Game/Maps/Pitt/Pitt,17,2,10,BODY,20.0000038,True
108871629797692793,108871629798741439,/Game/Maps/Pitt/Pitt,17,2,7,BODY,31,False
108871629797692793,108871629798741439,/Game/Maps/Pitt/Pitt,17,2,8,HEAD,125,True
108871629797692793,108871629798741439,/Game/Maps/Pitt/Pitt,17,6,4,HEAD,150,True
108871629797692793,108871629798741439,/Game/Maps/Pitt/Pitt,17,6,2,BODY,39,False
108871629797692793,108871629798741439,/Game/Maps/Pitt/Pitt,17,2,6,BODY,39,False
108871629797692793,108871629798741439,/Game/Maps/Pitt/Pitt,17,6,2,HEAD,111,True
108871629797692793,108871629798741439,/Game/Maps/Pitt/Pitt,17,1,6,BODY,21.6389961,False
108871629797692793,108871629798741439,/Game/Maps/Pitt/Pitt,17,6,1,BODY,19.7663689,False
108871629797692793,108871629798741439,/Game/Maps/Pitt/Pitt,17,1,6,HEAD,64.3610077,True
108871629797692793,108871629798741439,/Game/Maps/Pitt/Pitt,18,7,1,BODY,150,True
108871629797692793,108871629798741439,/Game/Maps/Pitt/Pitt,18,3,2,GENERAL,0.66,False
108871629797692793,108871629798741439,/Game/Maps/Pitt/Pitt,18,3,2,GENERAL,0.66,False
108871629797692793,108871629798741439,/Game/Maps/Pitt/Pitt,18,3,2,GENERAL,0.66,False
108871629797692793,108871629798741439,/Game/Maps/Pitt/Pitt,18,3,2,GENERAL,0.66,False
108871629797692793,108871629798741439,/Game/Maps/Pitt/Pitt,18,3,2,GENERAL,0.66,False
108871629797692793,108871629798741439,/Game/Maps/Pitt/Pitt,18,3,2,GENERAL,0.66,False
108871629797692793,108871629798741439,/Game/Maps/Pitt/Pitt,18,3,2,GENERAL,0.66,False
108871629797692793,108871629798741439,/Game/Maps/Pitt/Pitt,18,3,2,GENERAL,0.66,False
108871629797692793,108871629798741439,/Game/Maps/Pitt/Pitt,18,3,2,GENERAL,0.66,False
108871629797692793,108871629798741439,/Game/Maps/Pitt/Pitt,18,3,2,GENERAL,0.66,False
108871629797692793,108871629798741439,/Game/Maps/Pitt/Pitt,18,3,2,GENERAL,0.66,False
108871629797692793,108871629798741439,/Game/Maps/Pitt/Pitt,18,3,2,GENERAL,0.66,False
108871629797692793,108871629798741439,/Game/Maps/Pitt/Pitt,18,3,2,GENERAL,0.66,False
108871629797692793,108871629798741439,/Game/Maps/Pitt/Pitt,18,3,2,GENERAL,0.66,False
108871629797692793,108871629798741439,/Game/Maps/Pitt/Pitt,18,3,2,GENERAL,0.66,False
108871629797692793,108871629798741439,/Game/Maps/Pitt/Pitt,18,3,2,GENERAL,0.66,False
108871629797692793,108871629798741439,/Game/Maps/Pitt/Pitt,18,3,2,GENERAL,0.66,False
108871629797692793,108871629798741439,/Game/Maps/Pitt/Pitt,18,3,2,GENERAL,0.66,False
108871629797692793,108871629798741439,/Game/Maps/Pitt/Pitt,18,3,2,GENERAL,0.66,False
108871629797692793,108871629798741439,/Game/Maps/Pitt/Pitt,18,3,2,GENERAL,0.66,False
108871629797692793,108871629798741439,/Game/Maps/Pitt/Pitt,18,3,2,GENERAL,0.66,False
108871629797692793,108871629798741439,/Game/Maps/Pitt/Pitt,18,3,2,GENERAL,0.66,False
108871629797692793,108871629798741439,/Game/Maps/Pitt/Pitt,18,3,2,GENERAL,0.66,False
108871629797692793,108871629798741439,/Game/Maps/Pitt/Pitt,18,3,2,GENERAL,0.66,False
108871629797692793,108871629798741439,/Game/Maps/Pitt/Pitt,18,2,9,BODY,39,False
108871629797692793,108871629798741439,/Game/Maps/Pitt/Pitt,18,2,9,HEAD,86,True
108871629797692793,108871629798741439,/Game/Maps/Pitt/Pitt,18,4,6,HEAD,125,True
108871629797692793,108871629798741439,/Game/Maps/Pitt/Pitt,18,7,4,BODY,101.745544,False
108871629797692793,108871629798741439,/Game/Maps/Pitt/Pitt,18,8,3,BODY,39,False
108871629797692793,108871629798741439,/Game/Maps/Pitt/Pitt,18,8,3,BODY,39,False
108871629797692793,108871629798741439,/Game/Maps/Pitt/Pitt,18,8,3,BODY,14.7781553,False
108871629797692793,108871629798741439,/Game/Maps/Pitt/Pitt,18,8,3,BODY,39,False
108871629797692793,108871629798741439,/Game/Maps/Pitt/Pitt,18,8,3,HEAD,18.2218361,True
108871629797692793,108871629798741439,/Game/Maps/Pitt/Pitt,18,4,7,BODY,21.3763962,False
108871629797692793,108871629798741439,/Game/Maps/Pitt/Pitt,18,4,7,BODY,22.4888325,False
108871629797692793,108871629798741439,/Game/Maps/Pitt/Pitt,18,7,4,HEAD,48.2544518,True
108871629797692793,108871629798741439,/Game/Maps/Pitt/Pitt,18,2,7,LEG,16.7326145,False
108871629797692793,108871629798741439,/Game/Maps/Pitt/Pitt,18,2,7,BODY,35,False
108871629797692793,108871629798741439,/Game/Maps/Pitt/Pitt,18,2,7,BODY,8.73445892,True
108871629797692793,108871629798741439,/Game/Maps/Pitt/Pitt,18,8,2,BODY,39,False
108871629797692793,108871629798741439,/Game/Maps/Pitt/Pitt,18,8,2,BODY,39,False
108871629797692793,108871629798741439,/Game/Maps/Pitt/Pitt,18,2,8,BODY,39,False
108871629797692793,108871629798741439,/Game/Maps/Pitt/Pitt,18,10,2,GENERAL,18.16,False
108871629797692793,108871629798741439,/Game/Maps/Pitt/Pitt,18,8,2,BODY,38,True
108871629797692793,108871629798741439,/Game/Maps/Pitt/Pitt,18,5,10,HEAD,125,True
108871629797692793,108871629798741439,/Game/Maps/Pitt/Pitt,18,5,8,BODY,39,False
108871629797692793,108871629798741439,/Game/Maps/Pitt/Pitt,18,8,5,BODY,39,False
108871629797692793,108871629798741439,/Game/Maps/Pitt/Pitt,18,5,8,HEAD,47,True
108871629797692793,108871629798741439,/Game/Maps/Pitt/Pitt,19,9,4,HEAD,54,False
108871629797692793,108871629798741439,/Game/Maps/Pitt/Pitt,19,1,9,BODY,39,False
108871629797692793,108871629798741439,/Game/Maps/Pitt/Pitt,19,9,4,BODY,18,False
108871629797692793,108871629798741439,/Game/Maps/Pitt/Pitt,19,1,9,HEAD,86,True
108871629797692793,108871629798741439,/Game/Maps/Pitt/Pitt,19,2,7,BODY,39,False
108871629797692793,108871629798741439,/Game/Maps/Pitt/Pitt,19,10,5,BODY,30,False
108871629797692793,108871629798741439,/Game/Maps/Pitt/Pitt,19,10,5,BODY,30,False
108871629797692793,108871629798741439,/Game/Maps/Pitt/Pitt,19,10,5,BODY,30,False
108871629797692793,108871629798741439,/Game/Maps/Pitt/Pitt,19,5,10,BODY,35,False
108871629797692793,108871629798741439,/Game/Maps/Pitt/Pitt,19,10,5,HEAD,33.9987,True
108871629797692793,108871629798741439,/Game/Maps/Pitt/Pitt,19,10,3,HEAD,140,False
108871629797692793,108871629798741439,/Game/Maps/Pitt/Pitt,19,10,3,BODY,10,True
108871629797692793,108871629798741439,/Game/Maps/Pitt/Pitt,19,2,6,LEG,33.15,False
108871629797692793,108871629798741439,/Game/Maps/Pitt/Pitt,19,8,1,BODY,40,False
108871629797692793,108871629798741439,/Game/Maps/Pitt/Pitt,19,2,6,BODY,39,False
108871629797692793,108871629798741439,/Game/Maps/Pitt/Pitt,19,2,6,LEG,33.15,False
108871629797692793,108871629798741439,/Game/Maps/Pitt/Pitt,19,1,8,BODY,39,False
108871629797692793,108871629798741439,/Game/Maps/Pitt/Pitt,19,8,1,HEAD,110,True
108871629797692793,108871629798741439,/Game/Maps/Pitt/Pitt,19,2,6,BODY,19.6999931,True
108871629797692793,108871629798741439,/Game/Maps/Pitt/Pitt,19,4,7,HEAD,86,True
108871629797692793,108871629798741439,/Game/Maps/Pitt/Pitt,19,10,2,BODY,39,False
108871629797692793,108871629798741439,/Game/Maps/Pitt/Pitt,19,10,2,LEG,33.15,False
108871629797692793,108871629798741439,/Game/Maps/Pitt/Pitt,19,10,2,BODY,39,False
108871629797692793,108871629798741439,/Game/Maps/Pitt/Pitt,19,4,10,BODY,40,False
108871629797692793,108871629798741439,/Game/Maps/Pitt/Pitt,19,4,10,HEAD,56,True
108871629797692793,108871629798741439,/Game/Maps/Pitt/Pitt,19,8,2,BODY,26,False
108871629797692793,108871629798741439,/Game/Maps/Pitt/Pitt,19,2,8,BODY,86,True
108871629797692793,108871629798741439,/Game/Maps/Pitt/Pitt,20,7,4,BODY,150,True
108871629797692793,108871629798741439,/Game/Maps/Pitt/Pitt,20,3,8,GENERAL,2,False
108871629797692793,108871629798741439,/Game/Maps/Pitt/Pitt,20,3,8,GENERAL,2,False
108871629797692793,108871629798741439,/Game/Maps/Pitt/Pitt,20,3,8,GENERAL,2,False
108871629797692793,108871629798741439,/Game/Maps/Pitt/Pitt,20,3,8,GENERAL,2,False
108871629797692793,108871629798741439,/Game/Maps/Pitt/Pitt,20,3,8,GENERAL,2,False
108871629797692793,108871629798741439,/Game/Maps/Pitt/Pitt,20,3,8,GENERAL,2,False
108871629797692793,108871629798741439,/Game/Maps/Pitt/Pitt,20,3,8,GENERAL,2,False
108871629797692793,108871629798741439,/Game/Maps/Pitt/Pitt,20,3,8,GENERAL,2,False
108871629797692793,108871629798741439,/Game/Maps/Pitt/Pitt,20,3,8,GENERAL,2,False
108871629797692793,108871629798741439,/Game/Maps/Pitt/Pitt,20,3,8,GENERAL,2,False
108871629797692793,108871629798741439,/Game/Maps/Pitt/Pitt,20,3,8,GENERAL,2,False
108871629797692793,108871629798741439,/Game/Maps/Pitt/Pitt,20,3,8,GENERAL,2,False
108871629797692793,108871629798741439,/Game/Maps/Pitt/Pitt,20,3,8,GENERAL,2,False
108871629797692793,108871629798741439,/Game/Maps/Pitt/Pitt,20,3,8,GENERAL,2,False
108871629797692793,108871629798741439,/Game/Maps/Pitt/Pitt,20,3,8,GENERAL,2,False
108871629797692793,108871629798741439,/Game/Maps/Pitt/Pitt,20,3,8,GENERAL,2,False
108871629797692793,108871629798741439,/Game/Maps/Pitt/Pitt,20,3,8,GENERAL,2,False
108871629797692793,108871629798741439,/Game/Maps/Pitt/Pitt,20,3,8,GENERAL,2,False
108871629797692793,108871629798741439,/Game/Maps/Pitt/Pitt,20,3,8,GENERAL,2,False
108871629797692793,108871629798741439,/Game/Maps/Pitt/Pitt,20,3,8,GENERAL,2,False
108871629797692793,108871629798741439,/Game/Maps/Pitt/Pitt,20,3,8,GENERAL,2,False
108871629797692793,108871629798741439,/Game/Maps/Pitt/Pitt,20,3,8,GENERAL,2,False
108871629797692793,108871629798741439,/Game/Maps/Pitt/Pitt,20,3,8,GENERAL,2,False
108871629797692793,108871629798741439,/Game/Maps/Pitt/Pitt,20,3,8,GENERAL,2,False
108871629797692793,108871629798741439,/Game/Maps/Pitt/Pitt,20,3,8,GENERAL,2,False
108871629797692793,108871629798741439,/Game/Maps/Pitt/Pitt,20,3,8,GENERAL,2,False
108871629797692793,108871629798741439,/Game/Maps/Pitt/Pitt,20,3,8,GENERAL,2,False
108871629797692793,108871629798741439,/Game/Maps/Pitt/Pitt,20,3,8,GENERAL,2,False
108871629797692793,108871629798741439,/Game/Maps/Pitt/Pitt,20,3,8,GENERAL,2,False
108871629797692793,108871629798741439,/Game/Maps/Pitt/Pitt,20,3,8,GENERAL,2,False
108871629797692793,108871629798741439,/Game/Maps/Pitt/Pitt,20,3,8,GENERAL,2,False
108871629797692793,108871629798741439,/Game/Maps/Pitt/Pitt,20,8,3,BODY,15.3135128,False
108871629797692793,108871629798741439,/Game/Maps/Pitt/Pitt,20,8,2,BODY,15.217247,False
108871629797692793,108871629798741439,/Game/Maps/Pitt/Pitt,20,8,2,LEG,12.8879023,False
108871629797692793,108871629798741439,/Game/Maps/Pitt/Pitt,20,8,3,LEG,12.1009102,False
108871629797692793,108871629798741439,/Game/Maps/Pitt/Pitt,20,8,3,BODY,15.313612,False
108871629797692793,108871629798741439,/Game/Maps/Pitt/Pitt,20,8,2,BODY,15.3128252,False
108871629797692793,108871629798741439,/Game/Maps/Pitt/Pitt,20,8,3,BODY,14.2193279,False
108871629797692793,108871629798741439,/Game/Maps/Pitt/Pitt,20,8,2,BODY,15.306776,False
108871629797692793,108871629798741439,/Game/Maps/Pitt/Pitt,20,5,8,BODY,35,False
108871629797692793,108871629798741439,/Game/Maps/Pitt/Pitt,20,5,8,BODY,35,False
108871629797692793,108871629798741439,/Game/Maps/Pitt/Pitt,20,5,8,HEAD,30,True
108871629797692793,108871629798741439,/Game/Maps/Pitt/Pitt,20,10,2,HEAD,91.2752457,True
108871629797692793,108871629798741439,/Game/Maps/Pitt/Pitt,20,9,3,BODY,40,False
108871629797692793,108871629798741439,/Game/Maps/Pitt/Pitt,20,9,3,BODY,40,False
108871629797692793,108871629798741439,/Game/Maps/Pitt/Pitt,20,9,3,BODY,13.0526352,True
108871629797692793,108871629798741439,/Game/Maps/Pitt/Pitt,20,9,1,BODY,40,False
108871629797692793,108871629798741439,/Game/Maps/Pitt/Pitt,20,1,9,HEAD,125,True
108871629797692793,108871629798741439,/Game/Maps/Pitt/Pitt,20,6,1,HEAD,110,True
108871629797692793,108871629798741439,/Game/Maps/Pitt/Pitt,20,10,5,BODY,40,False
108871629797692793,108871629798741439,/Game/Maps/Pitt/Pitt,20,5,10,HEAD,125,True
108871629797692793,108871629798741439,/Game/Maps/Pitt/Pitt,20,6,5,HEAD,110,True
108871629797692793,108871629798741439,/Game/Maps/Pitt/Pitt,21,1,10,BODY,22,False
108871629797692793,108871629798741439,/Game/Maps/Pitt/Pitt,21,1,10,BODY,22,False
108871629797692793,108871629798741439,/Game/Maps/Pitt/Pitt,21,5,9,BODY,26,False
108871629797692793,108871629798741439,/Game/Maps/Pitt/Pitt,21,5,9,BODY,26,False
108871629797692793,108871629798741439,/Game/Maps/Pitt/Pitt,21,9,5,BODY,40,False
108871629797692793,108871629798741439,/Game/Maps/Pitt/Pitt,21,5,9,HEAD,73,True
108871629797692793,108871629798741439,/Game/Maps/Pitt/Pitt,21,6,5,HEAD,110,True
108871629797692793,108871629798741439,/Game/Maps/Pitt/Pitt,21,2,8,BODY,27,False
108871629797692793,108871629798741439,/Game/Maps/Pitt/Pitt,21,2,8,BODY,27,False
108871629797692793,108871629798741439,/Game/Maps/Pitt/Pitt,21,8,2,BODY,39,False
108871629797692793,108871629798741439,/Game/Maps/Pitt/Pitt,21,2,8,BODY,27,False
108871629797692793,108871629798741439,/Game/Maps/Pitt/Pitt,21,8,2,BODY,39,False
108871629797692793,108871629798741439,/Game/Maps/Pitt/Pitt,21,8,2,HEAD,47,True
108871629797692793,108871629798741439,/Game/Maps/Pitt/Pitt,21,8,1,LEG,33.15,False
108871629797692793,108871629798741439,/Game/Maps/Pitt/Pitt,21,8,1,BODY,39,False
108871629797692793,108871629798741439,/Game/Maps/Pitt/Pitt,21,8,1,BODY,39,False
108871629797692793,108871629798741439,/Game/Maps/Pitt/Pitt,21,8,1,BODY,13.8499947,True
108871629797692793,108871629798741439,/Game/Maps/Pitt/Pitt,21,4,8,BODY,26,False
108871629797692793,108871629798741439,/Game/Maps/Pitt/Pitt,21,4,8,BODY,18,True
108871629797692793,108871629798741439,/Game/Maps/Pitt/Pitt,21,7,4,BODY,125,True
108871629797692793,108871629798741439,/Game/Maps/Pitt/Pitt,21,3,7,HEAD,78,False
108871629797692793,108871629798741439,/Game/Maps/Pitt/Pitt,21,3,7,BODY,26,False
108871629797692793,108871629798741439,/Game/Maps/Pitt/Pitt,21,3,7,BODY,26,False
108871629797692793,108871629798741439,/Game/Maps/Pitt/Pitt,21,6,3,BODY,39,False
108871629797692793,108871629798741439,/Game/Maps/Pitt/Pitt,21,7,3,BODY,55,False
108871629797692793,108871629798741439,/Game/Maps/Pitt/Pitt,21,3,7,BODY,20,True
108871629797692793,108871629798741439,/Game/Maps/Pitt/Pitt,21,6,3,BODY,31,True
108871629797692793,108871629798741439,/Game/Maps/Pitt/Pitt,22,2,8,BODY,47.0288391,False
108871629797692793,108871629798741439,/Game/Maps/Pitt/Pitt,22,1,10,HEAD,125,True
108871629797692793,108871629798741439,/Game/Maps/Pitt/Pitt,22,5,7,BODY,39,False
108871629797692793,108871629798741439,/Game/Maps/Pitt/Pitt,22,5,7,HEAD,111,True
108871629797692793,108871629798741439,/Game/Maps/Pitt/Pitt,22,2,8,BODY,41.0955276,False
108871629797692793,108871629798741439,/Game/Maps/Pitt/Pitt,22,4,8,HEAD,36.8756332,True
108871629797692793,108871629798741439,/Game/Maps/Pitt/Pitt,22,6,4,HEAD,140,False
108871629797692793,108871629798741439,/Game/Maps/Pitt/Pitt,22,6,4,HEAD,10,True
108871629797692793,108871629798741439,/Game/Maps/Pitt/Pitt,22,6,1,BODY,29.998909,False
108871629797692793,108871629798741439,/Game/Maps/Pitt/Pitt,22,1,6,BODY,17.6156712,False
108871629797692793,108871629798741439,/Game/Maps/Pitt/Pitt,22,6,1,BODY,20.9730053,False
108871629797692793,108871629798741439,/Game/Maps/Pitt/Pitt,22,2,9,LEG,33.15,False
108871629797692793,108871629798741439,/Game/Maps/Pitt/Pitt,22,2,9,BODY,39,False
108871629797692793,108871629798741439,/Game/Maps/Pitt/Pitt,22,3,9,LEG,34,False
108871629797692793,108871629798741439,/Game/Maps/Pitt/Pitt,22,2,9,BODY,39,False
108871629797692793,108871629798741439,/Game/Maps/Pitt/Pitt,22,1,9,HEAD,4.84999084,True
108871629797692793,108871629798741439,/Game/Maps/Pitt/Pitt,22,1,6,BODY,35,False
108871629797692793,108871629798741439,/Game/Maps/Pitt/Pitt,22,1,6,BODY,35,False
108871629797692793,108871629798741439,/Game/Maps/Pitt/Pitt,22,2,6,BODY,35,False
108871629797692793,108871629798741439,/Game/Maps/Pitt/Pitt,22,2,6,BODY,2.38433838,True
108871629797692793,108871629798741439,/Game/Maps/Pitt/Pitt,23,3,8,GENERAL,2,False
108871629797692793,108871629798741439,/Game/Maps/Pitt/Pitt,23,3,8,GENERAL,2,False
108871629797692793,108871629798741439,/Game/Maps/Pitt/Pitt,23,3,8,GENERAL,2,False
108871629797692793,108871629798741439,/Game/Maps/Pitt/Pitt,23,3,8,GENERAL,2,False
108871629797692793,108871629798741439,/Game/Maps/Pitt/Pitt,23,3,8,GENERAL,2,False
108871629797692793,108871629798741439,/Game/Maps/Pitt/Pitt,23,3,8,GENERAL,2,False
108871629797692793,108871629798741439,/Game/Maps/Pitt/Pitt,23,3,8,GENERAL,2,False
108871629797692793,108871629798741439,/Game/Maps/Pitt/Pitt,23,3,8,GENERAL,2,False
108871629797692793,108871629798741439,/Game/Maps/Pitt/Pitt,23,3,8,GENERAL,2,False
108871629797692793,108871629798741439,/Game/Maps/Pitt/Pitt,23,3,8,GENERAL,2,False
108871629797692793,108871629798741439,/Game/Maps/Pitt/Pitt,23,3,8,GENERAL,2,False
108871629797692793,108871629798741439,/Game/Maps/Pitt/Pitt,23,8,1,BODY,17.0403919,False
108871629797692793,108871629798741439,/Game/Maps/Pitt/Pitt,23,8,1,BODY,17.014637,False
108871629797692793,108871629798741439,/Game/Maps/Pitt/Pitt,23,8,1,BODY,17.0455799,False
108871629797692793,108871629798741439,/Game/Maps/Pitt/Pitt,23,8,1,HEAD,68.2151947,False
108871629797692793,108871629798741439,/Game/Maps/Pitt/Pitt,23,8,1,BODY,17.0547962,False
108871629797692793,108871629798741439,/Game/Maps/Pitt/Pitt,23,8,1,BODY,13.6294,True
108871629797692793,108871629798741439,/Game/Maps/Pitt/Pitt,23,5,10,BODY,35,False
108871629797692793,108871629798741439,/Game/Maps/Pitt/Pitt,23,5,10,HEAD,90,True
108871629797692793,108871629798741439,/Game/Maps/Pitt/Pitt,23,3,8,HEAD,102.999962,True
108871629797692793,108871629798741439,/Game/Maps/Pitt/Pitt,23,3,6,BODY,40,False
108871629797692793,108871629798741439,/Game/Maps/Pitt/Pitt,23,3,6,BODY,40,False
108871629797692793,108871629798741439,/Game/Maps/Pitt/Pitt,23,3,6,GENERAL,32,False
108871629797692793,108871629798741439,/Game/Maps/Pitt/Pitt,23,2,6,BODY,38,True
108871629797692793,108871629798741439,/Game/Maps/Pitt/Pitt,23,4,9,BODY,40,False
108871629797692793,108871629798741439,/Game/Maps/Pitt/Pitt,23,4,9,BODY,40,False
108871629797692793,108871629798741439,/Game/Maps/Pitt/Pitt,23,3,7,GENERAL,2,False
108871629797692793,108871629798741439,/Game/Maps/Pitt/Pitt,23,4,9,HEAD,45,True
108871629797692793,108871629798741439,/Game/Maps/Pitt/Pitt,23,3,7,GENERAL,2,False
108871629797692793,108871629798741439,/Game/Maps/Pitt/Pitt,23,3,7,GENERAL,2,False
108871629797692793,108871629798741439,/Game/Maps/Pitt/Pitt,23,3,7,GENERAL,2,False
108871629797692793,108871629798741439,/Game/Maps/Pitt/Pitt,23,3,7,GENERAL,2,False
108871629797692793,108871629798741439,/Game/Maps/Pitt/Pitt,23,3,7,HEAD,139.999985,True
