platformGame_id,player_id,player_num
val:c1514574-4ba4-4ad3-b5ef-dbfef9976946,106525489805459472,1
val:c1514574-4ba4-4ad3-b5ef-dbfef9976946,108273989413516929,2
val:c1514574-4ba4-4ad3-b5ef-dbfef9976946,108273958835992183,3
val:c1514574-4ba4-4ad3-b5ef-dbfef9976946,106525538484682825,4
val:c1514574-4ba4-4ad3-b5ef-dbfef9976946,106664993881319312,5
val:c1514574-4ba4-4ad3-b5ef-dbfef9976946,106230274512017155,6
val:c1514574-4ba4-4ad3-b5ef-dbfef9976946,106230271915475632,7
val:c1514574-4ba4-4ad3-b5ef-dbfef9976946,103537287230111095,8
val:c1514574-4ba4-4ad3-b5ef-dbfef9976946,107764993888872529,9
val:c1514574-4ba4-4ad3-b5ef-dbfef9976946,107729646065265994,10
val:44f65f2d-1de9-43da-8df3-c543ef0ac5a8,106525473804840689,1
val:44f65f2d-1de9-43da-8df3-c543ef0ac5a8,106525472657113092,2
val:44f65f2d-1de9-43da-8df3-c543ef0ac5a8,106525470504910842,3
val:44f65f2d-1de9-43da-8df3-c543ef0ac5a8,106525474853482229,4
val:44f65f2d-1de9-43da-8df3-c543ef0ac5a8,106732998058142840,5
val:44f65f2d-1de9-43da-8df3-c543ef0ac5a8,106532686424986077,6
val:44f65f2d-1de9-43da-8df3-c543ef0ac5a8,106532652856312203,7
val:44f65f2d-1de9-43da-8df3-c543ef0ac5a8,106532684877070738,8
val:44f65f2d-1de9-43da-8df3-c543ef0ac5a8,106535378430874709,9
val:44f65f2d-1de9-43da-8df3-c543ef0ac5a8,106532683698754008,10
val:3dcf600a-2d3b-44ae-8386-06b2ef772974,106525473804840689,1
val:3dcf600a-2d3b-44ae-8386-06b2ef772974,106525472657113092,2
val:3dcf600a-2d3b-44ae-8386-06b2ef772974,106525470504910842,3
val:3dcf600a-2d3b-44ae-8386-06b2ef772974,106525474853482229,4
val:3dcf600a-2d3b-44ae-8386-06b2ef772974,106732998058142840,5
val:3dcf600a-2d3b-44ae-8386-06b2ef772974,107760839740308002,6
val:3dcf600a-2d3b-44ae-8386-06b2ef772974,106724757750442614,7
val:3dcf600a-2d3b-44ae-8386-06b2ef772974,107760839234471926,8
val:3dcf600a-2d3b-44ae-8386-06b2ef772974,107760839352836185,9
val:3dcf600a-2d3b-44ae-8386-06b2ef772974,106668475658821122,10
val:fff670c7-e775-4105-b3bf-82c2e1e6d4c7,106525473804840689,1
val:fff670c7-e775-4105-b3bf-82c2e1e6d4c7,106525472657113092,2
val:fff670c7-e775-4105-b3bf-82c2e1e6d4c7,106525470504910842,3
val:fff670c7-e775-4105-b3bf-82c2e1e6d4c7,106525474853482229,4
val:fff670c7-e775-4105-b3bf-82c2e1e6d4c7,106732998058142840,5
val:fff670c7-e775-4105-b3bf-82c2e1e6d4c7,106525414942310346,6
val:fff670c7-e775-4105-b3bf-82c2e1e6d4c7,106525416849604559,7
val:fff670c7-e775-4105-b3bf-82c2e1e6d4c7,106525415831916494,8
val:fff670c7-e775-4105-b3bf-82c2e1e6d4c7,106525410665758661,9
val:fff670c7-e775-4105-b3bf-82c2e1e6d4c7,107769216664661606,10
val:eed9266e-ce91-444e-8262-e0fc58a4e67a,106724766365411963,1
val:eed9266e-ce91-444e-8262-e0fc58a4e67a,106724769775977160,2
val:eed9266e-ce91-444e-8262-e0fc58a4e67a,106724767436961366,3
val:eed9266e-ce91-444e-8262-e0fc58a4e67a,106724771285467852,4
val:eed9266e-ce91-444e-8262-e0fc58a4e67a,107760969753086434,5
val:eed9266e-ce91-444e-8262-e0fc58a4e67a,108695550169204401,6
val:eed9266e-ce91-444e-8262-e0fc58a4e67a,108695555965222493,7
val:eed9266e-ce91-444e-8262-e0fc58a4e67a,108695542868559528,8
val:eed9266e-ce91-444e-8262-e0fc58a4e67a,108695559262017364,9
val:eed9266e-ce91-444e-8262-e0fc58a4e67a,108695564980340715,10
val:d7992b50-b185-426b-ad3f-1d52940192fc,106651780552777811,1
val:d7992b50-b185-426b-ad3f-1d52940192fc,106230238671593346,2
val:d7992b50-b185-426b-ad3f-1d52940192fc,106230236294103708,3
val:d7992b50-b185-426b-ad3f-1d52940192fc,107054598846006993,4
val:d7992b50-b185-426b-ad3f-1d52940192fc,106230224874717841,5
val:d7992b50-b185-426b-ad3f-1d52940192fc,106230274512017155,6
val:d7992b50-b185-426b-ad3f-1d52940192fc,106230271915475632,7
val:d7992b50-b185-426b-ad3f-1d52940192fc,103537287230111095,8
val:d7992b50-b185-426b-ad3f-1d52940192fc,107764993888872529,9
val:d7992b50-b185-426b-ad3f-1d52940192fc,107729646065265994,10
val:e605323f-ef2f-4a47-8339-a5d3af2313b1,106525414942310346,1
val:e605323f-ef2f-4a47-8339-a5d3af2313b1,106525416849604559,2
val:e605323f-ef2f-4a47-8339-a5d3af2313b1,106525415831916494,3
val:e605323f-ef2f-4a47-8339-a5d3af2313b1,106525410665758661,4
val:e605323f-ef2f-4a47-8339-a5d3af2313b1,107769216664661606,5
val:e605323f-ef2f-4a47-8339-a5d3af2313b1,106652047423889687,6
val:e605323f-ef2f-4a47-8339-a5d3af2313b1,107735295903059952,7
val:e605323f-ef2f-4a47-8339-a5d3af2313b1,106651771010372760,8
val:e605323f-ef2f-4a47-8339-a5d3af2313b1,106651772642189389,9
val:e605323f-ef2f-4a47-8339-a5d3af2313b1,106651779012842654,10
val:f2c5ed14-6718-4219-9898-2fd8802f587f,106651780552777811,1
val:f2c5ed14-6718-4219-9898-2fd8802f587f,106230238671593346,2
val:f2c5ed14-6718-4219-9898-2fd8802f587f,106230236294103708,3
val:f2c5ed14-6718-4219-9898-2fd8802f587f,107054598846006993,4
val:f2c5ed14-6718-4219-9898-2fd8802f587f,106230224874717841,5
val:f2c5ed14-6718-4219-9898-2fd8802f587f,106525473804840689,6
val:f2c5ed14-6718-4219-9898-2fd8802f587f,106525472657113092,7
val:f2c5ed14-6718-4219-9898-2fd8802f587f,106525470504910842,8
val:f2c5ed14-6718-4219-9898-2fd8802f587f,106525474853482229,9
val:f2c5ed14-6718-4219-9898-2fd8802f587f,106732998058142840,10
val:20ae39c9-1cc1-4d31-be3a-74d7a79d4c4e,106116440965658227,1
val:20ae39c9-1cc1-4d31-be3a-74d7a79d4c4e,99566407765334300,2
val:20ae39c9-1cc1-4d31-be3a-74d7a79d4c4e,106116540451628694,3
val:20ae39c9-1cc1-4d31-be3a-74d7a79d4c4e,106116492286441131,4
val:20ae39c9-1cc1-4d31-be3a-74d7a79d4c4e,106507078369536452,5
val:20ae39c9-1cc1-4d31-be3a-74d7a79d4c4e,106532686424986077,6
val:20ae39c9-1cc1-4d31-be3a-74d7a79d4c4e,106532652856312203,7
val:20ae39c9-1cc1-4d31-be3a-74d7a79d4c4e,106532684877070738,8
val:20ae39c9-1cc1-4d31-be3a-74d7a79d4c4e,106535378430874709,9
val:20ae39c9-1cc1-4d31-be3a-74d7a79d4c4e,106532683698754008,10
val:c077f216-a78f-4073-969b-569732f464d3,106525414942310346,1
val:c077f216-a78f-4073-969b-569732f464d3,106525416849604559,2
val:c077f216-a78f-4073-969b-569732f464d3,106525415831916494,3
val:c077f216-a78f-4073-969b-569732f464d3,106525410665758661,4
val:c077f216-a78f-4073-969b-569732f464d3,107769216664661606,5
val:c077f216-a78f-4073-969b-569732f464d3,107760828215969554,6
val:c077f216-a78f-4073-969b-569732f464d3,106230370674623216,7
val:c077f216-a78f-4073-969b-569732f464d3,106230371988095732,8
val:c077f216-a78f-4073-969b-569732f464d3,106230374904906489,9
val:c077f216-a78f-4073-969b-569732f464d3,106230373601204025,10
val:8bccc2a2-a04b-4d90-b088-0f1286266b28,106651780552777811,1
val:8bccc2a2-a04b-4d90-b088-0f1286266b28,106230238671593346,2
val:8bccc2a2-a04b-4d90-b088-0f1286266b28,106230236294103708,3
val:8bccc2a2-a04b-4d90-b088-0f1286266b28,107054598846006993,4
val:8bccc2a2-a04b-4d90-b088-0f1286266b28,106230224874717841,5
val:8bccc2a2-a04b-4d90-b088-0f1286266b28,106724766365411963,6
val:8bccc2a2-a04b-4d90-b088-0f1286266b28,106724769775977160,7
val:8bccc2a2-a04b-4d90-b088-0f1286266b28,106724767436961366,8
val:8bccc2a2-a04b-4d90-b088-0f1286266b28,106724771285467852,9
val:8bccc2a2-a04b-4d90-b088-0f1286266b28,107760969753086434,10
val:6a702bf4-2153-4306-acbd-aa41b9309663,106490001132942692,1
val:6a702bf4-2153-4306-acbd-aa41b9309663,108395376345727088,2
val:6a702bf4-2153-4306-acbd-aa41b9309663,106489999216559638,3
val:6a702bf4-2153-4306-acbd-aa41b9309663,106489997517407761,4
val:6a702bf4-2153-4306-acbd-aa41b9309663,106489985594967563,5
val:6a702bf4-2153-4306-acbd-aa41b9309663,106652047423889687,6
val:6a702bf4-2153-4306-acbd-aa41b9309663,107735295903059952,7
val:6a702bf4-2153-4306-acbd-aa41b9309663,106651771010372760,8
val:6a702bf4-2153-4306-acbd-aa41b9309663,106651772642189389,9
val:6a702bf4-2153-4306-acbd-aa41b9309663,106651779012842654,10
val:bc6ce737-c2e1-4c6b-b18a-173467f5cbb0,106525473804840689,1
val:bc6ce737-c2e1-4c6b-b18a-173467f5cbb0,106525472657113092,2
val:bc6ce737-c2e1-4c6b-b18a-173467f5cbb0,106525470504910842,3
val:bc6ce737-c2e1-4c6b-b18a-173467f5cbb0,106525474853482229,4
val:bc6ce737-c2e1-4c6b-b18a-173467f5cbb0,106732998058142840,5
val:bc6ce737-c2e1-4c6b-b18a-173467f5cbb0,106532686424986077,6
val:bc6ce737-c2e1-4c6b-b18a-173467f5cbb0,106532684877070738,7
val:bc6ce737-c2e1-4c6b-b18a-173467f5cbb0,106535378430874709,8
val:bc6ce737-c2e1-4c6b-b18a-173467f5cbb0,106532683698754008,9
val:bc6ce737-c2e1-4c6b-b18a-173467f5cbb0,106532652856312203,10
val:133d0c97-961e-4454-9e7b-b58cd76e644a,106116525718283893,1
val:133d0c97-961e-4454-9e7b-b58cd76e644a,106506447872281272,2
val:133d0c97-961e-4454-9e7b-b58cd76e644a,106116526654494663,3
val:133d0c97-961e-4454-9e7b-b58cd76e644a,107742457169499616,4
val:133d0c97-961e-4454-9e7b-b58cd76e644a,106116524342027888,5
val:133d0c97-961e-4454-9e7b-b58cd76e644a,106230274512017155,6
val:133d0c97-961e-4454-9e7b-b58cd76e644a,106230271915475632,7
val:133d0c97-961e-4454-9e7b-b58cd76e644a,103537287230111095,8
val:133d0c97-961e-4454-9e7b-b58cd76e644a,107764993888872529,9
val:133d0c97-961e-4454-9e7b-b58cd76e644a,107729646065265994,10
val:06444f33-6b5f-4dc9-ba29-9bc39e45d371,106525489805459472,1
val:06444f33-6b5f-4dc9-ba29-9bc39e45d371,108273989413516929,2
val:06444f33-6b5f-4dc9-ba29-9bc39e45d371,108273958835992183,3
val:06444f33-6b5f-4dc9-ba29-9bc39e45d371,106525538484682825,4
val:06444f33-6b5f-4dc9-ba29-9bc39e45d371,106664993881319312,5
val:06444f33-6b5f-4dc9-ba29-9bc39e45d371,106532686424986077,6
val:06444f33-6b5f-4dc9-ba29-9bc39e45d371,106532652856312203,7
val:06444f33-6b5f-4dc9-ba29-9bc39e45d371,106532684877070738,8
val:06444f33-6b5f-4dc9-ba29-9bc39e45d371,106535378430874709,9
val:06444f33-6b5f-4dc9-ba29-9bc39e45d371,106532683698754008,10
val:c4cfb0d9-5d46-4943-9a6d-b4188ab2ea50,106525473804840689,1
val:c4cfb0d9-5d46-4943-9a6d-b4188ab2ea50,106525472657113092,2
val:c4cfb0d9-5d46-4943-9a6d-b4188ab2ea50,106525470504910842,3
val:c4cfb0d9-5d46-4943-9a6d-b4188ab2ea50,106525474853482229,4
val:c4cfb0d9-5d46-4943-9a6d-b4188ab2ea50,106732998058142840,5
val:c4cfb0d9-5d46-4943-9a6d-b4188ab2ea50,106116440965658227,6
val:c4cfb0d9-5d46-4943-9a6d-b4188ab2ea50,99566407765334300,7
val:c4cfb0d9-5d46-4943-9a6d-b4188ab2ea50,106116540451628694,8
val:c4cfb0d9-5d46-4943-9a6d-b4188ab2ea50,106116492286441131,9
val:c4cfb0d9-5d46-4943-9a6d-b4188ab2ea50,106507078369536452,10
val:14ee1e2a-f83e-4119-bdcd-2ba9ce6a733b,107760839740308002,1
val:14ee1e2a-f83e-4119-bdcd-2ba9ce6a733b,106724757750442614,2
val:14ee1e2a-f83e-4119-bdcd-2ba9ce6a733b,107760839234471926,3
val:14ee1e2a-f83e-4119-bdcd-2ba9ce6a733b,107760839352836185,4
val:14ee1e2a-f83e-4119-bdcd-2ba9ce6a733b,106668475658821122,5
val:14ee1e2a-f83e-4119-bdcd-2ba9ce6a733b,106605779275600095,6
val:14ee1e2a-f83e-4119-bdcd-2ba9ce6a733b,107843040238644584,7
val:14ee1e2a-f83e-4119-bdcd-2ba9ce6a733b,106605662157742376,8
val:14ee1e2a-f83e-4119-bdcd-2ba9ce6a733b,107842963466912889,9
val:14ee1e2a-f83e-4119-bdcd-2ba9ce6a733b,106605614205227119,10
val:7bf496c5-d7e9-43b9-86c9-8ce660c5cf7f,106652047423889687,1
val:7bf496c5-d7e9-43b9-86c9-8ce660c5cf7f,107735295903059952,2
val:7bf496c5-d7e9-43b9-86c9-8ce660c5cf7f,106651771010372760,3
val:7bf496c5-d7e9-43b9-86c9-8ce660c5cf7f,106651772642189389,4
val:7bf496c5-d7e9-43b9-86c9-8ce660c5cf7f,106651779012842654,5
val:7bf496c5-d7e9-43b9-86c9-8ce660c5cf7f,106525414942310346,6
val:7bf496c5-d7e9-43b9-86c9-8ce660c5cf7f,106525416849604559,7
val:7bf496c5-d7e9-43b9-86c9-8ce660c5cf7f,106525415831916494,8
val:7bf496c5-d7e9-43b9-86c9-8ce660c5cf7f,106525410665758661,9
val:7bf496c5-d7e9-43b9-86c9-8ce660c5cf7f,107769216664661606,10
val:d4c11f56-6043-4de5-bcd8-b40e3d06a6c5,106172926875591321,1
val:d4c11f56-6043-4de5-bcd8-b40e3d06a6c5,106156773024391652,2
val:d4c11f56-6043-4de5-bcd8-b40e3d06a6c5,106156791842474396,3
val:d4c11f56-6043-4de5-bcd8-b40e3d06a6c5,106156765007120785,4
val:d4c11f56-6043-4de5-bcd8-b40e3d06a6c5,106156788001006057,5
val:d4c11f56-6043-4de5-bcd8-b40e3d06a6c5,107760828215969554,6
val:d4c11f56-6043-4de5-bcd8-b40e3d06a6c5,106230370674623216,7
val:d4c11f56-6043-4de5-bcd8-b40e3d06a6c5,106230371988095732,8
val:d4c11f56-6043-4de5-bcd8-b40e3d06a6c5,106230374904906489,9
val:d4c11f56-6043-4de5-bcd8-b40e3d06a6c5,106230373601204025,10
val:322f1b38-8abc-4246-b95d-452dd1477ffe,106116525718283893,1
val:322f1b38-8abc-4246-b95d-452dd1477ffe,106506447872281272,2
val:322f1b38-8abc-4246-b95d-452dd1477ffe,106116526654494663,3
val:322f1b38-8abc-4246-b95d-452dd1477ffe,107742457169499616,4
val:322f1b38-8abc-4246-b95d-452dd1477ffe,106116524342027888,5
val:322f1b38-8abc-4246-b95d-452dd1477ffe,106230274512017155,6
val:322f1b38-8abc-4246-b95d-452dd1477ffe,106230271915475632,7
val:322f1b38-8abc-4246-b95d-452dd1477ffe,103537287230111095,8
val:322f1b38-8abc-4246-b95d-452dd1477ffe,107764993888872529,9
val:322f1b38-8abc-4246-b95d-452dd1477ffe,107729646065265994,10
val:839afe65-115c-4ac2-9fd3-ead0b00cc755,106651780552777811,1
val:839afe65-115c-4ac2-9fd3-ead0b00cc755,106230238671593346,2
val:839afe65-115c-4ac2-9fd3-ead0b00cc755,106230236294103708,3
val:839afe65-115c-4ac2-9fd3-ead0b00cc755,107054598846006993,4
val:839afe65-115c-4ac2-9fd3-ead0b00cc755,106230224874717841,5
val:839afe65-115c-4ac2-9fd3-ead0b00cc755,106490001132942692,6
val:839afe65-115c-4ac2-9fd3-ead0b00cc755,108395376345727088,7
val:839afe65-115c-4ac2-9fd3-ead0b00cc755,106489999216559638,8
val:839afe65-115c-4ac2-9fd3-ead0b00cc755,106489997517407761,9
val:839afe65-115c-4ac2-9fd3-ead0b00cc755,106489985594967563,10
val:619e9f83-06a5-442d-81c4-3716bfa4f756,106490001132942692,1
val:619e9f83-06a5-442d-81c4-3716bfa4f756,108395376345727088,2
val:619e9f83-06a5-442d-81c4-3716bfa4f756,106489999216559638,3
val:619e9f83-06a5-442d-81c4-3716bfa4f756,106489997517407761,4
val:619e9f83-06a5-442d-81c4-3716bfa4f756,106489985594967563,5
val:619e9f83-06a5-442d-81c4-3716bfa4f756,106652047423889687,6
val:619e9f83-06a5-442d-81c4-3716bfa4f756,107735295903059952,7
val:619e9f83-06a5-442d-81c4-3716bfa4f756,106651771010372760,8
val:619e9f83-06a5-442d-81c4-3716bfa4f756,106651772642189389,9
val:619e9f83-06a5-442d-81c4-3716bfa4f756,106651779012842654,10
val:2fe0ad6f-d85d-4d85-9fc6-02741f0d0f02,108695550169204401,1
val:2fe0ad6f-d85d-4d85-9fc6-02741f0d0f02,108695555965222493,2
val:2fe0ad6f-d85d-4d85-9fc6-02741f0d0f02,108695542868559528,3
val:2fe0ad6f-d85d-4d85-9fc6-02741f0d0f02,108695559262017364,4
val:2fe0ad6f-d85d-4d85-9fc6-02741f0d0f02,108695564980340715,5
val:2fe0ad6f-d85d-4d85-9fc6-02741f0d0f02,106724766365411963,6
val:2fe0ad6f-d85d-4d85-9fc6-02741f0d0f02,106724769775977160,7
val:2fe0ad6f-d85d-4d85-9fc6-02741f0d0f02,106724767436961366,8
val:2fe0ad6f-d85d-4d85-9fc6-02741f0d0f02,106724771285467852,9
val:2fe0ad6f-d85d-4d85-9fc6-02741f0d0f02,107760969753086434,10
val:59b3415d-0d7c-44c3-b3a5-415d8aeff28f,106525473804840689,1
val:59b3415d-0d7c-44c3-b3a5-415d8aeff28f,106525472657113092,2
val:59b3415d-0d7c-44c3-b3a5-415d8aeff28f,106525470504910842,3
val:59b3415d-0d7c-44c3-b3a5-415d8aeff28f,106525474853482229,4
val:59b3415d-0d7c-44c3-b3a5-415d8aeff28f,106732998058142840,5
val:59b3415d-0d7c-44c3-b3a5-415d8aeff28f,107760839740308002,6
val:59b3415d-0d7c-44c3-b3a5-415d8aeff28f,106724757750442614,7
val:59b3415d-0d7c-44c3-b3a5-415d8aeff28f,107760839234471926,8
val:59b3415d-0d7c-44c3-b3a5-415d8aeff28f,107760839352836185,9
val:59b3415d-0d7c-44c3-b3a5-415d8aeff28f,106668475658821122,10
val:8deac130-a289-4cc3-8b75-0e0d6c2621f5,106605779275600095,1
val:8deac130-a289-4cc3-8b75-0e0d6c2621f5,107843040238644584,2
val:8deac130-a289-4cc3-8b75-0e0d6c2621f5,106605662157742376,3
val:8deac130-a289-4cc3-8b75-0e0d6c2621f5,107842963466912889,4
val:8deac130-a289-4cc3-8b75-0e0d6c2621f5,106605614205227119,5
val:8deac130-a289-4cc3-8b75-0e0d6c2621f5,106116440965658227,6
val:8deac130-a289-4cc3-8b75-0e0d6c2621f5,99566407765334300,7
val:8deac130-a289-4cc3-8b75-0e0d6c2621f5,106116540451628694,8
val:8deac130-a289-4cc3-8b75-0e0d6c2621f5,106116492286441131,9
val:8deac130-a289-4cc3-8b75-0e0d6c2621f5,106507078369536452,10
val:e6aa51a6-80df-4a39-947e-85d2b5fdd3cc,106525473804840689,1
val:e6aa51a6-80df-4a39-947e-85d2b5fdd3cc,106525472657113092,2
val:e6aa51a6-80df-4a39-947e-85d2b5fdd3cc,106525470504910842,3
val:e6aa51a6-80df-4a39-947e-85d2b5fdd3cc,106525474853482229,4
val:e6aa51a6-80df-4a39-947e-85d2b5fdd3cc,106732998058142840,5
val:e6aa51a6-80df-4a39-947e-85d2b5fdd3cc,106116440965658227,6
val:e6aa51a6-80df-4a39-947e-85d2b5fdd3cc,99566407765334300,7
val:e6aa51a6-80df-4a39-947e-85d2b5fdd3cc,106116540451628694,8
val:e6aa51a6-80df-4a39-947e-85d2b5fdd3cc,106116492286441131,9
val:e6aa51a6-80df-4a39-947e-85d2b5fdd3cc,106507078369536452,10
val:f26ab081-b762-4a89-9da6-875639afd9ad,106605779275600095,1
val:f26ab081-b762-4a89-9da6-875639afd9ad,107843040238644584,2
val:f26ab081-b762-4a89-9da6-875639afd9ad,106605662157742376,3
val:f26ab081-b762-4a89-9da6-875639afd9ad,107842963466912889,4
val:f26ab081-b762-4a89-9da6-875639afd9ad,106605614205227119,5
val:f26ab081-b762-4a89-9da6-875639afd9ad,106116440965658227,6
val:f26ab081-b762-4a89-9da6-875639afd9ad,99566407765334300,7
val:f26ab081-b762-4a89-9da6-875639afd9ad,106116540451628694,8
val:f26ab081-b762-4a89-9da6-875639afd9ad,106116492286441131,9
val:f26ab081-b762-4a89-9da6-875639afd9ad,106507078369536452,10
val:4b54d2e2-214a-4d28-8289-a327ff249181,106652047423889687,1
val:4b54d2e2-214a-4d28-8289-a327ff249181,107735295903059952,2
val:4b54d2e2-214a-4d28-8289-a327ff249181,106651771010372760,3
val:4b54d2e2-214a-4d28-8289-a327ff249181,106651772642189389,4
val:4b54d2e2-214a-4d28-8289-a327ff249181,106651779012842654,5
val:4b54d2e2-214a-4d28-8289-a327ff249181,106172926875591321,6
val:4b54d2e2-214a-4d28-8289-a327ff249181,106156773024391652,7
val:4b54d2e2-214a-4d28-8289-a327ff249181,106156791842474396,8
val:4b54d2e2-214a-4d28-8289-a327ff249181,106156765007120785,9
val:4b54d2e2-214a-4d28-8289-a327ff249181,106156788001006057,10
val:2ba41de5-2a99-471e-bede-ec09a55fa0d9,106532686424986077,1
val:2ba41de5-2a99-471e-bede-ec09a55fa0d9,106532652856312203,2
val:2ba41de5-2a99-471e-bede-ec09a55fa0d9,106532684877070738,3
val:2ba41de5-2a99-471e-bede-ec09a55fa0d9,106535378430874709,4
val:2ba41de5-2a99-471e-bede-ec09a55fa0d9,106532683698754008,5
val:2ba41de5-2a99-471e-bede-ec09a55fa0d9,106230274512017155,6
val:2ba41de5-2a99-471e-bede-ec09a55fa0d9,106230271915475632,7
val:2ba41de5-2a99-471e-bede-ec09a55fa0d9,103537287230111095,8
val:2ba41de5-2a99-471e-bede-ec09a55fa0d9,107764993888872529,9
val:2ba41de5-2a99-471e-bede-ec09a55fa0d9,107729646065265994,10
val:b89bf701-1363-421d-bd18-335fa15a06fe,106724766365411963,1
val:b89bf701-1363-421d-bd18-335fa15a06fe,106724769775977160,2
val:b89bf701-1363-421d-bd18-335fa15a06fe,106724767436961366,3
val:b89bf701-1363-421d-bd18-335fa15a06fe,106724771285467852,4
val:b89bf701-1363-421d-bd18-335fa15a06fe,107760969753086434,5
val:b89bf701-1363-421d-bd18-335fa15a06fe,108695550169204401,6
val:b89bf701-1363-421d-bd18-335fa15a06fe,108695555965222493,7
val:b89bf701-1363-421d-bd18-335fa15a06fe,108695542868559528,8
val:b89bf701-1363-421d-bd18-335fa15a06fe,108695559262017364,9
val:b89bf701-1363-421d-bd18-335fa15a06fe,108695564980340715,10
val:1bb55ce7-b57e-497e-a071-6d0cd134bc3e,106230274512017155,1
val:1bb55ce7-b57e-497e-a071-6d0cd134bc3e,106230271915475632,2
val:1bb55ce7-b57e-497e-a071-6d0cd134bc3e,103537287230111095,3
val:1bb55ce7-b57e-497e-a071-6d0cd134bc3e,107764993888872529,4
val:1bb55ce7-b57e-497e-a071-6d0cd134bc3e,107729646065265994,5
val:1bb55ce7-b57e-497e-a071-6d0cd134bc3e,106532686424986077,6
val:1bb55ce7-b57e-497e-a071-6d0cd134bc3e,106532652856312203,7
val:1bb55ce7-b57e-497e-a071-6d0cd134bc3e,106532684877070738,8
val:1bb55ce7-b57e-497e-a071-6d0cd134bc3e,106535378430874709,9
val:1bb55ce7-b57e-497e-a071-6d0cd134bc3e,106532683698754008,10
val:44c91ec0-9cb1-48ca-9569-45a3c8bcf9fb,106652047423889687,1
val:44c91ec0-9cb1-48ca-9569-45a3c8bcf9fb,107735295903059952,2
val:44c91ec0-9cb1-48ca-9569-45a3c8bcf9fb,106651771010372760,3
val:44c91ec0-9cb1-48ca-9569-45a3c8bcf9fb,106651772642189389,4
val:44c91ec0-9cb1-48ca-9569-45a3c8bcf9fb,106651779012842654,5
val:44c91ec0-9cb1-48ca-9569-45a3c8bcf9fb,106532686424986077,6
val:44c91ec0-9cb1-48ca-9569-45a3c8bcf9fb,106532652856312203,7
val:44c91ec0-9cb1-48ca-9569-45a3c8bcf9fb,106532684877070738,8
val:44c91ec0-9cb1-48ca-9569-45a3c8bcf9fb,106535378430874709,9
val:44c91ec0-9cb1-48ca-9569-45a3c8bcf9fb,106532683698754008,10
val:ea0ef986-8c74-45b6-b7a6-20d51054680c,106605779275600095,1
val:ea0ef986-8c74-45b6-b7a6-20d51054680c,107843040238644584,2
val:ea0ef986-8c74-45b6-b7a6-20d51054680c,106605662157742376,3
val:ea0ef986-8c74-45b6-b7a6-20d51054680c,107842963466912889,4
val:ea0ef986-8c74-45b6-b7a6-20d51054680c,106605614205227119,5
val:ea0ef986-8c74-45b6-b7a6-20d51054680c,106116440965658227,6
val:ea0ef986-8c74-45b6-b7a6-20d51054680c,99566407765334300,7
val:ea0ef986-8c74-45b6-b7a6-20d51054680c,106116540451628694,8
val:ea0ef986-8c74-45b6-b7a6-20d51054680c,106116492286441131,9
val:ea0ef986-8c74-45b6-b7a6-20d51054680c,106507078369536452,10
val:ed03901e-ba05-44fa-84cc-fa7f2c3062ad,106116440965658227,1
val:ed03901e-ba05-44fa-84cc-fa7f2c3062ad,99566407765334300,2
val:ed03901e-ba05-44fa-84cc-fa7f2c3062ad,106116540451628694,3
val:ed03901e-ba05-44fa-84cc-fa7f2c3062ad,106116492286441131,4
val:ed03901e-ba05-44fa-84cc-fa7f2c3062ad,106507078369536452,5
val:ed03901e-ba05-44fa-84cc-fa7f2c3062ad,106532686424986077,6
val:ed03901e-ba05-44fa-84cc-fa7f2c3062ad,106532652856312203,7
val:ed03901e-ba05-44fa-84cc-fa7f2c3062ad,106532684877070738,8
val:ed03901e-ba05-44fa-84cc-fa7f2c3062ad,106535378430874709,9
val:ed03901e-ba05-44fa-84cc-fa7f2c3062ad,106532683698754008,10
val:380a54ec-91a4-402f-9c1a-664636239906,106172926875591321,1
val:380a54ec-91a4-402f-9c1a-664636239906,106156773024391652,2
val:380a54ec-91a4-402f-9c1a-664636239906,106156791842474396,3
val:380a54ec-91a4-402f-9c1a-664636239906,106156765007120785,4
val:380a54ec-91a4-402f-9c1a-664636239906,106156788001006057,5
val:380a54ec-91a4-402f-9c1a-664636239906,107760828215969554,6
val:380a54ec-91a4-402f-9c1a-664636239906,106230370674623216,7
val:380a54ec-91a4-402f-9c1a-664636239906,106230371988095732,8
val:380a54ec-91a4-402f-9c1a-664636239906,106230374904906489,9
val:380a54ec-91a4-402f-9c1a-664636239906,106230373601204025,10
val:370e02d2-47fd-4787-b4c3-64c105c96ad4,106116440965658227,1
val:370e02d2-47fd-4787-b4c3-64c105c96ad4,99566407765334300,2
val:370e02d2-47fd-4787-b4c3-64c105c96ad4,106116540451628694,3
val:370e02d2-47fd-4787-b4c3-64c105c96ad4,106116492286441131,4
val:370e02d2-47fd-4787-b4c3-64c105c96ad4,106507078369536452,5
val:370e02d2-47fd-4787-b4c3-64c105c96ad4,106525473804840689,6
val:370e02d2-47fd-4787-b4c3-64c105c96ad4,106525472657113092,7
val:370e02d2-47fd-4787-b4c3-64c105c96ad4,106525470504910842,8
val:370e02d2-47fd-4787-b4c3-64c105c96ad4,106525474853482229,9
val:370e02d2-47fd-4787-b4c3-64c105c96ad4,106732998058142840,10
val:f92b23f7-5411-4e0f-8269-5da1a6352afe,106116440965658227,1
val:f92b23f7-5411-4e0f-8269-5da1a6352afe,99566407765334300,2
val:f92b23f7-5411-4e0f-8269-5da1a6352afe,106116540451628694,3
val:f92b23f7-5411-4e0f-8269-5da1a6352afe,106116492286441131,4
val:f92b23f7-5411-4e0f-8269-5da1a6352afe,106507078369536452,5
val:f92b23f7-5411-4e0f-8269-5da1a6352afe,106525473804840689,6
val:f92b23f7-5411-4e0f-8269-5da1a6352afe,106525472657113092,7
val:f92b23f7-5411-4e0f-8269-5da1a6352afe,106525470504910842,8
val:f92b23f7-5411-4e0f-8269-5da1a6352afe,106525474853482229,9
val:f92b23f7-5411-4e0f-8269-5da1a6352afe,106732998058142840,10
val:3e404f3a-b1ff-4f96-965d-dbb8014039f8,106651780552777811,1
val:3e404f3a-b1ff-4f96-965d-dbb8014039f8,106230238671593346,2
val:3e404f3a-b1ff-4f96-965d-dbb8014039f8,106230236294103708,3
val:3e404f3a-b1ff-4f96-965d-dbb8014039f8,107054598846006993,4
val:3e404f3a-b1ff-4f96-965d-dbb8014039f8,106230224874717841,5
val:3e404f3a-b1ff-4f96-965d-dbb8014039f8,106230274512017155,6
val:3e404f3a-b1ff-4f96-965d-dbb8014039f8,106230271915475632,7
val:3e404f3a-b1ff-4f96-965d-dbb8014039f8,103537287230111095,8
val:3e404f3a-b1ff-4f96-965d-dbb8014039f8,107764993888872529,9
val:3e404f3a-b1ff-4f96-965d-dbb8014039f8,107729646065265994,10
val:3be6e126-2cd2-43f9-8c9a-9a70fe16d326,106116440965658227,1
val:3be6e126-2cd2-43f9-8c9a-9a70fe16d326,99566407765334300,2
val:3be6e126-2cd2-43f9-8c9a-9a70fe16d326,106116540451628694,3
val:3be6e126-2cd2-43f9-8c9a-9a70fe16d326,106116492286441131,4
val:3be6e126-2cd2-43f9-8c9a-9a70fe16d326,106507078369536452,5
val:3be6e126-2cd2-43f9-8c9a-9a70fe16d326,106525473804840689,6
val:3be6e126-2cd2-43f9-8c9a-9a70fe16d326,106525472657113092,7
val:3be6e126-2cd2-43f9-8c9a-9a70fe16d326,106525470504910842,8
val:3be6e126-2cd2-43f9-8c9a-9a70fe16d326,106525474853482229,9
val:3be6e126-2cd2-43f9-8c9a-9a70fe16d326,106732998058142840,10
val:3be5d0c2-0083-4c63-bbab-8ad0cae3f8a7,106525414942310346,1
val:3be5d0c2-0083-4c63-bbab-8ad0cae3f8a7,106525416849604559,2
val:3be5d0c2-0083-4c63-bbab-8ad0cae3f8a7,106525415831916494,3
val:3be5d0c2-0083-4c63-bbab-8ad0cae3f8a7,106525410665758661,4
val:3be5d0c2-0083-4c63-bbab-8ad0cae3f8a7,107769216664661606,5
val:3be5d0c2-0083-4c63-bbab-8ad0cae3f8a7,106525473804840689,6
val:3be5d0c2-0083-4c63-bbab-8ad0cae3f8a7,106525472657113092,7
val:3be5d0c2-0083-4c63-bbab-8ad0cae3f8a7,106525470504910842,8
val:3be5d0c2-0083-4c63-bbab-8ad0cae3f8a7,106525474853482229,9
val:3be5d0c2-0083-4c63-bbab-8ad0cae3f8a7,106732998058142840,10
val:879d849d-115e-4dfa-ac55-73cd5fbb9162,106116440965658227,1
val:879d849d-115e-4dfa-ac55-73cd5fbb9162,99566407765334300,2
val:879d849d-115e-4dfa-ac55-73cd5fbb9162,106116540451628694,3
val:879d849d-115e-4dfa-ac55-73cd5fbb9162,106116492286441131,4
val:879d849d-115e-4dfa-ac55-73cd5fbb9162,106507078369536452,5
val:879d849d-115e-4dfa-ac55-73cd5fbb9162,106525473804840689,6
val:879d849d-115e-4dfa-ac55-73cd5fbb9162,106525472657113092,7
val:879d849d-115e-4dfa-ac55-73cd5fbb9162,106525470504910842,8
val:879d849d-115e-4dfa-ac55-73cd5fbb9162,106525474853482229,9
val:879d849d-115e-4dfa-ac55-73cd5fbb9162,106732998058142840,10
val:1a800fe0-37ce-4449-a89e-0c066edc5ea2,106651780552777811,1
val:1a800fe0-37ce-4449-a89e-0c066edc5ea2,106230238671593346,2
val:1a800fe0-37ce-4449-a89e-0c066edc5ea2,106230236294103708,3
val:1a800fe0-37ce-4449-a89e-0c066edc5ea2,107054598846006993,4
val:1a800fe0-37ce-4449-a89e-0c066edc5ea2,106230224874717841,5
val:1a800fe0-37ce-4449-a89e-0c066edc5ea2,108695550169204401,6
val:1a800fe0-37ce-4449-a89e-0c066edc5ea2,108695555965222493,7
val:1a800fe0-37ce-4449-a89e-0c066edc5ea2,108695542868559528,8
val:1a800fe0-37ce-4449-a89e-0c066edc5ea2,108695559262017364,9
val:1a800fe0-37ce-4449-a89e-0c066edc5ea2,108695547619985069,10
val:9653a458-926a-4b6d-8f72-498c8daf83a2,106116525718283893,1
val:9653a458-926a-4b6d-8f72-498c8daf83a2,106506447872281272,2
val:9653a458-926a-4b6d-8f72-498c8daf83a2,106116526654494663,3
val:9653a458-926a-4b6d-8f72-498c8daf83a2,107742457169499616,4
val:9653a458-926a-4b6d-8f72-498c8daf83a2,106116524342027888,5
val:9653a458-926a-4b6d-8f72-498c8daf83a2,106230274512017155,6
val:9653a458-926a-4b6d-8f72-498c8daf83a2,106230271915475632,7
val:9653a458-926a-4b6d-8f72-498c8daf83a2,103537287230111095,8
val:9653a458-926a-4b6d-8f72-498c8daf83a2,107764993888872529,9
val:9653a458-926a-4b6d-8f72-498c8daf83a2,107729646065265994,10
val:b70c9336-51dc-4ee4-a245-099393fb66f8,106652047423889687,1
val:b70c9336-51dc-4ee4-a245-099393fb66f8,107735295903059952,2
val:b70c9336-51dc-4ee4-a245-099393fb66f8,106651771010372760,3
val:b70c9336-51dc-4ee4-a245-099393fb66f8,106651772642189389,4
val:b70c9336-51dc-4ee4-a245-099393fb66f8,106651779012842654,5
val:b70c9336-51dc-4ee4-a245-099393fb66f8,106172926875591321,6
val:b70c9336-51dc-4ee4-a245-099393fb66f8,106156773024391652,7
val:b70c9336-51dc-4ee4-a245-099393fb66f8,106156791842474396,8
val:b70c9336-51dc-4ee4-a245-099393fb66f8,106156765007120785,9
val:b70c9336-51dc-4ee4-a245-099393fb66f8,106156788001006057,10
val:e2bde291-1d2a-4de0-92af-5193a1b6e7d8,106525414942310346,1
val:e2bde291-1d2a-4de0-92af-5193a1b6e7d8,106525416849604559,2
val:e2bde291-1d2a-4de0-92af-5193a1b6e7d8,106525415831916494,3
val:e2bde291-1d2a-4de0-92af-5193a1b6e7d8,106525410665758661,4
val:e2bde291-1d2a-4de0-92af-5193a1b6e7d8,107769216664661606,5
val:e2bde291-1d2a-4de0-92af-5193a1b6e7d8,107760828215969554,6
val:e2bde291-1d2a-4de0-92af-5193a1b6e7d8,106230370674623216,7
val:e2bde291-1d2a-4de0-92af-5193a1b6e7d8,106230371988095732,8
val:e2bde291-1d2a-4de0-92af-5193a1b6e7d8,106230374904906489,9
val:e2bde291-1d2a-4de0-92af-5193a1b6e7d8,106230373601204025,10
val:43b0f549-9b7b-4292-9976-defbdb2d0a7d,106230274512017155,1
val:43b0f549-9b7b-4292-9976-defbdb2d0a7d,106230271915475632,2
val:43b0f549-9b7b-4292-9976-defbdb2d0a7d,103537287230111095,3
val:43b0f549-9b7b-4292-9976-defbdb2d0a7d,107764993888872529,4
val:43b0f549-9b7b-4292-9976-defbdb2d0a7d,107729646065265994,5
val:43b0f549-9b7b-4292-9976-defbdb2d0a7d,106525489805459472,6
val:43b0f549-9b7b-4292-9976-defbdb2d0a7d,108273989413516929,7
val:43b0f549-9b7b-4292-9976-defbdb2d0a7d,108273958835992183,8
val:43b0f549-9b7b-4292-9976-defbdb2d0a7d,106525538484682825,9
val:43b0f549-9b7b-4292-9976-defbdb2d0a7d,106664993881319312,10
val:a23b1068-738a-409a-93d7-8fb165a4134a,106605779275600095,1
val:a23b1068-738a-409a-93d7-8fb165a4134a,107843040238644584,2
val:a23b1068-738a-409a-93d7-8fb165a4134a,106605662157742376,3
val:a23b1068-738a-409a-93d7-8fb165a4134a,107842963466912889,4
val:a23b1068-738a-409a-93d7-8fb165a4134a,106605614205227119,5
val:a23b1068-738a-409a-93d7-8fb165a4134a,106116440965658227,6
val:a23b1068-738a-409a-93d7-8fb165a4134a,99566407765334300,7
val:a23b1068-738a-409a-93d7-8fb165a4134a,106116540451628694,8
val:a23b1068-738a-409a-93d7-8fb165a4134a,106116492286441131,9
val:a23b1068-738a-409a-93d7-8fb165a4134a,106507078369536452,10
val:c9d7acfc-7a68-4fc2-a22c-60ccc69d99a9,106172926875591321,1
val:c9d7acfc-7a68-4fc2-a22c-60ccc69d99a9,106156773024391652,2
val:c9d7acfc-7a68-4fc2-a22c-60ccc69d99a9,106156791842474396,3
val:c9d7acfc-7a68-4fc2-a22c-60ccc69d99a9,106156765007120785,4
val:c9d7acfc-7a68-4fc2-a22c-60ccc69d99a9,106156788001006057,5
val:c9d7acfc-7a68-4fc2-a22c-60ccc69d99a9,106652047423889687,6
val:c9d7acfc-7a68-4fc2-a22c-60ccc69d99a9,107735295903059952,7
val:c9d7acfc-7a68-4fc2-a22c-60ccc69d99a9,106651771010372760,8
val:c9d7acfc-7a68-4fc2-a22c-60ccc69d99a9,106651772642189389,9
val:c9d7acfc-7a68-4fc2-a22c-60ccc69d99a9,106651779012842654,10
val:96a6b1cc-5977-4b85-89e1-c62b6212e22b,106525414942310346,1
val:96a6b1cc-5977-4b85-89e1-c62b6212e22b,106525416849604559,2
val:96a6b1cc-5977-4b85-89e1-c62b6212e22b,106525415831916494,3
val:96a6b1cc-5977-4b85-89e1-c62b6212e22b,106525410665758661,4
val:96a6b1cc-5977-4b85-89e1-c62b6212e22b,107769216664661606,5
val:96a6b1cc-5977-4b85-89e1-c62b6212e22b,106652047423889687,6
val:96a6b1cc-5977-4b85-89e1-c62b6212e22b,107735295903059952,7
val:96a6b1cc-5977-4b85-89e1-c62b6212e22b,106651771010372760,8
val:96a6b1cc-5977-4b85-89e1-c62b6212e22b,106651772642189389,9
val:96a6b1cc-5977-4b85-89e1-c62b6212e22b,106651779012842654,10
val:cdf04244-1400-4239-8954-79b259c70eb6,106116525718283893,1
val:cdf04244-1400-4239-8954-79b259c70eb6,106506447872281272,2
val:cdf04244-1400-4239-8954-79b259c70eb6,106116526654494663,3
val:cdf04244-1400-4239-8954-79b259c70eb6,107742457169499616,4
val:cdf04244-1400-4239-8954-79b259c70eb6,106116524342027888,5
val:cdf04244-1400-4239-8954-79b259c70eb6,106532686424986077,6
val:cdf04244-1400-4239-8954-79b259c70eb6,106532652856312203,7
val:cdf04244-1400-4239-8954-79b259c70eb6,106532684877070738,8
val:cdf04244-1400-4239-8954-79b259c70eb6,106535378430874709,9
val:cdf04244-1400-4239-8954-79b259c70eb6,106532683698754008,10
val:91a3ff93-ce25-46a2-af95-5675fb5088fc,106230274512017155,1
val:91a3ff93-ce25-46a2-af95-5675fb5088fc,106230271915475632,2
val:91a3ff93-ce25-46a2-af95-5675fb5088fc,103537287230111095,3
val:91a3ff93-ce25-46a2-af95-5675fb5088fc,107764993888872529,4
val:91a3ff93-ce25-46a2-af95-5675fb5088fc,107729646065265994,5
val:91a3ff93-ce25-46a2-af95-5675fb5088fc,106525489805459472,6
val:91a3ff93-ce25-46a2-af95-5675fb5088fc,108273989413516929,7
val:91a3ff93-ce25-46a2-af95-5675fb5088fc,108273958835992183,8
val:91a3ff93-ce25-46a2-af95-5675fb5088fc,106525538484682825,9
val:91a3ff93-ce25-46a2-af95-5675fb5088fc,106664993881319312,10
val:721d4efa-e802-4b9f-bc3f-8238f40b62e8,106525414942310346,1
val:721d4efa-e802-4b9f-bc3f-8238f40b62e8,106525416849604559,2
val:721d4efa-e802-4b9f-bc3f-8238f40b62e8,106525415831916494,3
val:721d4efa-e802-4b9f-bc3f-8238f40b62e8,106525410665758661,4
val:721d4efa-e802-4b9f-bc3f-8238f40b62e8,107769216664661606,5
val:721d4efa-e802-4b9f-bc3f-8238f40b62e8,106230274512017155,6
val:721d4efa-e802-4b9f-bc3f-8238f40b62e8,106230271915475632,7
val:721d4efa-e802-4b9f-bc3f-8238f40b62e8,103537287230111095,8
val:721d4efa-e802-4b9f-bc3f-8238f40b62e8,107764993888872529,9
val:721d4efa-e802-4b9f-bc3f-8238f40b62e8,107729646065265994,10
val:2e4783dd-39a8-48f3-8957-94bcb38abdd6,106652047423889687,1
val:2e4783dd-39a8-48f3-8957-94bcb38abdd6,107735295903059952,2
val:2e4783dd-39a8-48f3-8957-94bcb38abdd6,106651771010372760,3
val:2e4783dd-39a8-48f3-8957-94bcb38abdd6,106651772642189389,4
val:2e4783dd-39a8-48f3-8957-94bcb38abdd6,106651779012842654,5
val:2e4783dd-39a8-48f3-8957-94bcb38abdd6,106525414942310346,6
val:2e4783dd-39a8-48f3-8957-94bcb38abdd6,106525416849604559,7
val:2e4783dd-39a8-48f3-8957-94bcb38abdd6,106525415831916494,8
val:2e4783dd-39a8-48f3-8957-94bcb38abdd6,106525410665758661,9
val:2e4783dd-39a8-48f3-8957-94bcb38abdd6,107769216664661606,10
val:c9a26c06-1e81-4ae4-9608-5298be95f4a4,106651780552777811,1
val:c9a26c06-1e81-4ae4-9608-5298be95f4a4,106230238671593346,2
val:c9a26c06-1e81-4ae4-9608-5298be95f4a4,106230236294103708,3
val:c9a26c06-1e81-4ae4-9608-5298be95f4a4,107054598846006993,4
val:c9a26c06-1e81-4ae4-9608-5298be95f4a4,106230224874717841,5
val:c9a26c06-1e81-4ae4-9608-5298be95f4a4,106724766365411963,6
val:c9a26c06-1e81-4ae4-9608-5298be95f4a4,106724769775977160,7
val:c9a26c06-1e81-4ae4-9608-5298be95f4a4,106724767436961366,8
val:c9a26c06-1e81-4ae4-9608-5298be95f4a4,106724771285467852,9
val:c9a26c06-1e81-4ae4-9608-5298be95f4a4,107760969753086434,10
val:bb238eea-51f4-4377-a6fd-41f166830eb9,106490001132942692,1
val:bb238eea-51f4-4377-a6fd-41f166830eb9,108395376345727088,2
val:bb238eea-51f4-4377-a6fd-41f166830eb9,106489999216559638,3
val:bb238eea-51f4-4377-a6fd-41f166830eb9,106489997517407761,4
val:bb238eea-51f4-4377-a6fd-41f166830eb9,106489985594967563,5
val:bb238eea-51f4-4377-a6fd-41f166830eb9,106724766365411963,6
val:bb238eea-51f4-4377-a6fd-41f166830eb9,106724769775977160,7
val:bb238eea-51f4-4377-a6fd-41f166830eb9,106724767436961366,8
val:bb238eea-51f4-4377-a6fd-41f166830eb9,106724771285467852,9
val:bb238eea-51f4-4377-a6fd-41f166830eb9,107760969753086434,10
val:add3e8e5-051a-4003-a6ba-763f93b859b5,106525473804840689,1
val:add3e8e5-051a-4003-a6ba-763f93b859b5,106525472657113092,2
val:add3e8e5-051a-4003-a6ba-763f93b859b5,106525470504910842,3
val:add3e8e5-051a-4003-a6ba-763f93b859b5,106525474853482229,4
val:add3e8e5-051a-4003-a6ba-763f93b859b5,106732998058142840,5
val:add3e8e5-051a-4003-a6ba-763f93b859b5,106532686424986077,6
val:add3e8e5-051a-4003-a6ba-763f93b859b5,106532652856312203,7
val:add3e8e5-051a-4003-a6ba-763f93b859b5,106532684877070738,8
val:add3e8e5-051a-4003-a6ba-763f93b859b5,106535378430874709,9
val:add3e8e5-051a-4003-a6ba-763f93b859b5,106532683698754008,10
val:080c51d4-9bdf-4e63-be96-508c66b9a492,106652047423889687,1
val:080c51d4-9bdf-4e63-be96-508c66b9a492,107735295903059952,2
val:080c51d4-9bdf-4e63-be96-508c66b9a492,106651771010372760,3
val:080c51d4-9bdf-4e63-be96-508c66b9a492,106651772642189389,4
val:080c51d4-9bdf-4e63-be96-508c66b9a492,106651779012842654,5
val:080c51d4-9bdf-4e63-be96-508c66b9a492,106532686424986077,6
val:080c51d4-9bdf-4e63-be96-508c66b9a492,106532652856312203,7
val:080c51d4-9bdf-4e63-be96-508c66b9a492,106532684877070738,8
val:080c51d4-9bdf-4e63-be96-508c66b9a492,106535378430874709,9
val:080c51d4-9bdf-4e63-be96-508c66b9a492,106532683698754008,10
val:92901b1a-79d5-4295-a134-e59dfdf75bf4,106525414942310346,1
val:92901b1a-79d5-4295-a134-e59dfdf75bf4,106525416849604559,2
val:92901b1a-79d5-4295-a134-e59dfdf75bf4,106525415831916494,3
val:92901b1a-79d5-4295-a134-e59dfdf75bf4,106525410665758661,4
val:92901b1a-79d5-4295-a134-e59dfdf75bf4,107769216664661606,5
val:92901b1a-79d5-4295-a134-e59dfdf75bf4,106230274512017155,6
val:92901b1a-79d5-4295-a134-e59dfdf75bf4,106230271915475632,7
val:92901b1a-79d5-4295-a134-e59dfdf75bf4,103537287230111095,8
val:92901b1a-79d5-4295-a134-e59dfdf75bf4,107764993888872529,9
val:92901b1a-79d5-4295-a134-e59dfdf75bf4,107729646065265994,10
val:50b6329a-e72e-4717-95fa-5b9de3ef1a99,106525489805459472,1
val:50b6329a-e72e-4717-95fa-5b9de3ef1a99,108273989413516929,2
val:50b6329a-e72e-4717-95fa-5b9de3ef1a99,108273958835992183,3
val:50b6329a-e72e-4717-95fa-5b9de3ef1a99,106525538484682825,4
val:50b6329a-e72e-4717-95fa-5b9de3ef1a99,106664993881319312,5
val:50b6329a-e72e-4717-95fa-5b9de3ef1a99,106532686424986077,6
val:50b6329a-e72e-4717-95fa-5b9de3ef1a99,106532652856312203,7
val:50b6329a-e72e-4717-95fa-5b9de3ef1a99,106532684877070738,8
val:50b6329a-e72e-4717-95fa-5b9de3ef1a99,106535378430874709,9
val:50b6329a-e72e-4717-95fa-5b9de3ef1a99,106532683698754008,10
val:59ee04cf-260f-44be-8541-a615533b0d9c,106525489805459472,1
val:59ee04cf-260f-44be-8541-a615533b0d9c,108273989413516929,2
val:59ee04cf-260f-44be-8541-a615533b0d9c,108273958835992183,3
val:59ee04cf-260f-44be-8541-a615533b0d9c,106525538484682825,4
val:59ee04cf-260f-44be-8541-a615533b0d9c,106664993881319312,5
val:59ee04cf-260f-44be-8541-a615533b0d9c,106230274512017155,6
val:59ee04cf-260f-44be-8541-a615533b0d9c,106230271915475632,7
val:59ee04cf-260f-44be-8541-a615533b0d9c,103537287230111095,8
val:59ee04cf-260f-44be-8541-a615533b0d9c,107764993888872529,9
val:59ee04cf-260f-44be-8541-a615533b0d9c,107729646065265994,10
val:b6c30dd3-4262-4db2-880e-cc20ad826964,106525414942310346,1
val:b6c30dd3-4262-4db2-880e-cc20ad826964,106525416849604559,2
val:b6c30dd3-4262-4db2-880e-cc20ad826964,106525415831916494,3
val:b6c30dd3-4262-4db2-880e-cc20ad826964,106525410665758661,4
val:b6c30dd3-4262-4db2-880e-cc20ad826964,107769216664661606,5
val:b6c30dd3-4262-4db2-880e-cc20ad826964,106652047423889687,6
val:b6c30dd3-4262-4db2-880e-cc20ad826964,107735295903059952,7
val:b6c30dd3-4262-4db2-880e-cc20ad826964,106651771010372760,8
val:b6c30dd3-4262-4db2-880e-cc20ad826964,106651772642189389,9
val:b6c30dd3-4262-4db2-880e-cc20ad826964,106651779012842654,10
val:6f6bc9f9-2a51-4651-8308-251f92bdb278,106605779275600095,1
val:6f6bc9f9-2a51-4651-8308-251f92bdb278,107843040238644584,2
val:6f6bc9f9-2a51-4651-8308-251f92bdb278,106605662157742376,3
val:6f6bc9f9-2a51-4651-8308-251f92bdb278,107842963466912889,4
val:6f6bc9f9-2a51-4651-8308-251f92bdb278,106605614205227119,5
val:6f6bc9f9-2a51-4651-8308-251f92bdb278,107760839740308002,6
val:6f6bc9f9-2a51-4651-8308-251f92bdb278,106724757750442614,7
val:6f6bc9f9-2a51-4651-8308-251f92bdb278,107760839234471926,8
val:6f6bc9f9-2a51-4651-8308-251f92bdb278,107760839352836185,9
val:6f6bc9f9-2a51-4651-8308-251f92bdb278,106668475658821122,10
val:8ad592c1-7bcb-4706-a37a-22c956f3266a,106605779275600095,1
val:8ad592c1-7bcb-4706-a37a-22c956f3266a,107843040238644584,2
val:8ad592c1-7bcb-4706-a37a-22c956f3266a,106605662157742376,3
val:8ad592c1-7bcb-4706-a37a-22c956f3266a,107842963466912889,4
val:8ad592c1-7bcb-4706-a37a-22c956f3266a,106605614205227119,5
val:8ad592c1-7bcb-4706-a37a-22c956f3266a,107760839740308002,6
val:8ad592c1-7bcb-4706-a37a-22c956f3266a,106724757750442614,7
val:8ad592c1-7bcb-4706-a37a-22c956f3266a,107760839234471926,8
val:8ad592c1-7bcb-4706-a37a-22c956f3266a,107760839352836185,9
val:8ad592c1-7bcb-4706-a37a-22c956f3266a,106668475658821122,10
val:b8838375-39f1-4b3d-a1fa-02dc2e184df0,106532686424986077,1
val:b8838375-39f1-4b3d-a1fa-02dc2e184df0,106532652856312203,2
val:b8838375-39f1-4b3d-a1fa-02dc2e184df0,106532684877070738,3
val:b8838375-39f1-4b3d-a1fa-02dc2e184df0,106535378430874709,4
val:b8838375-39f1-4b3d-a1fa-02dc2e184df0,106532683698754008,5
val:b8838375-39f1-4b3d-a1fa-02dc2e184df0,106652047423889687,6
val:b8838375-39f1-4b3d-a1fa-02dc2e184df0,107735295903059952,7
val:b8838375-39f1-4b3d-a1fa-02dc2e184df0,106651771010372760,8
val:b8838375-39f1-4b3d-a1fa-02dc2e184df0,106651772642189389,9
val:b8838375-39f1-4b3d-a1fa-02dc2e184df0,106651779012842654,10
val:b63fe2ab-5872-4c40-a7d7-3eff73b302a0,106652047423889687,1
val:b63fe2ab-5872-4c40-a7d7-3eff73b302a0,107735295903059952,2
val:b63fe2ab-5872-4c40-a7d7-3eff73b302a0,106651771010372760,3
val:b63fe2ab-5872-4c40-a7d7-3eff73b302a0,106651772642189389,4
val:b63fe2ab-5872-4c40-a7d7-3eff73b302a0,106651779012842654,5
val:b63fe2ab-5872-4c40-a7d7-3eff73b302a0,106532686424986077,6
val:b63fe2ab-5872-4c40-a7d7-3eff73b302a0,106532652856312203,7
val:b63fe2ab-5872-4c40-a7d7-3eff73b302a0,106532684877070738,8
val:b63fe2ab-5872-4c40-a7d7-3eff73b302a0,106535378430874709,9
val:b63fe2ab-5872-4c40-a7d7-3eff73b302a0,106532683698754008,10
val:71252c19-e882-4aaa-b1b2-adb7836d4735,106651780552777811,1
val:71252c19-e882-4aaa-b1b2-adb7836d4735,106230238671593346,2
val:71252c19-e882-4aaa-b1b2-adb7836d4735,106230236294103708,3
val:71252c19-e882-4aaa-b1b2-adb7836d4735,107054598846006993,4
val:71252c19-e882-4aaa-b1b2-adb7836d4735,106230224874717841,5
val:71252c19-e882-4aaa-b1b2-adb7836d4735,108695550169204401,6
val:71252c19-e882-4aaa-b1b2-adb7836d4735,108695555965222493,7
val:71252c19-e882-4aaa-b1b2-adb7836d4735,108695542868559528,8
val:71252c19-e882-4aaa-b1b2-adb7836d4735,108695559262017364,9
val:71252c19-e882-4aaa-b1b2-adb7836d4735,108695547619985069,10
val:fc86b057-9a36-44e3-ae7b-f073e8185975,106116440965658227,1
val:fc86b057-9a36-44e3-ae7b-f073e8185975,99566407765334300,2
val:fc86b057-9a36-44e3-ae7b-f073e8185975,106116540451628694,3
val:fc86b057-9a36-44e3-ae7b-f073e8185975,106116492286441131,4
val:fc86b057-9a36-44e3-ae7b-f073e8185975,106507078369536452,5
val:fc86b057-9a36-44e3-ae7b-f073e8185975,106490001132942692,6
val:fc86b057-9a36-44e3-ae7b-f073e8185975,108395376345727088,7
val:fc86b057-9a36-44e3-ae7b-f073e8185975,106489999216559638,8
val:fc86b057-9a36-44e3-ae7b-f073e8185975,106489997517407761,9
val:fc86b057-9a36-44e3-ae7b-f073e8185975,106489985594967563,10
val:8ddf5eca-24c0-4826-bb27-504115cf31c3,106651780552777811,1
val:8ddf5eca-24c0-4826-bb27-504115cf31c3,106230238671593346,2
val:8ddf5eca-24c0-4826-bb27-504115cf31c3,106230236294103708,3
val:8ddf5eca-24c0-4826-bb27-504115cf31c3,107054598846006993,4
val:8ddf5eca-24c0-4826-bb27-504115cf31c3,106230224874717841,5
val:8ddf5eca-24c0-4826-bb27-504115cf31c3,106490001132942692,6
val:8ddf5eca-24c0-4826-bb27-504115cf31c3,108395376345727088,7
val:8ddf5eca-24c0-4826-bb27-504115cf31c3,106489999216559638,8
val:8ddf5eca-24c0-4826-bb27-504115cf31c3,106489997517407761,9
val:8ddf5eca-24c0-4826-bb27-504115cf31c3,106489985594967563,10
val:15ef3a70-7e55-4034-9cae-f6a349942daf,106651780552777811,1
val:15ef3a70-7e55-4034-9cae-f6a349942daf,106230238671593346,2
val:15ef3a70-7e55-4034-9cae-f6a349942daf,106230236294103708,3
val:15ef3a70-7e55-4034-9cae-f6a349942daf,107054598846006993,4
val:15ef3a70-7e55-4034-9cae-f6a349942daf,106230224874717841,5
val:15ef3a70-7e55-4034-9cae-f6a349942daf,106525473804840689,6
val:15ef3a70-7e55-4034-9cae-f6a349942daf,106525472657113092,7
val:15ef3a70-7e55-4034-9cae-f6a349942daf,106525470504910842,8
val:15ef3a70-7e55-4034-9cae-f6a349942daf,106525474853482229,9
val:15ef3a70-7e55-4034-9cae-f6a349942daf,106732998058142840,10
val:9dc1873f-b54d-41f3-b1d0-d609e8a40c78,107760828215969554,1
val:9dc1873f-b54d-41f3-b1d0-d609e8a40c78,106230370674623216,2
val:9dc1873f-b54d-41f3-b1d0-d609e8a40c78,106230371988095732,3
val:9dc1873f-b54d-41f3-b1d0-d609e8a40c78,106230374904906489,4
val:9dc1873f-b54d-41f3-b1d0-d609e8a40c78,106230373601204025,5
val:9dc1873f-b54d-41f3-b1d0-d609e8a40c78,106172926875591321,6
val:9dc1873f-b54d-41f3-b1d0-d609e8a40c78,106156773024391652,7
val:9dc1873f-b54d-41f3-b1d0-d609e8a40c78,106156791842474396,8
val:9dc1873f-b54d-41f3-b1d0-d609e8a40c78,106156765007120785,9
val:9dc1873f-b54d-41f3-b1d0-d609e8a40c78,106156788001006057,10
val:d4db1c16-0bf7-4bdc-9b08-3725e73c6a7b,106490001132942692,1
val:d4db1c16-0bf7-4bdc-9b08-3725e73c6a7b,108395376345727088,2
val:d4db1c16-0bf7-4bdc-9b08-3725e73c6a7b,106489999216559638,3
val:d4db1c16-0bf7-4bdc-9b08-3725e73c6a7b,106489997517407761,4
val:d4db1c16-0bf7-4bdc-9b08-3725e73c6a7b,106489985594967563,5
val:d4db1c16-0bf7-4bdc-9b08-3725e73c6a7b,106116440965658227,6
val:d4db1c16-0bf7-4bdc-9b08-3725e73c6a7b,99566407765334300,7
val:d4db1c16-0bf7-4bdc-9b08-3725e73c6a7b,106116540451628694,8
val:d4db1c16-0bf7-4bdc-9b08-3725e73c6a7b,106116492286441131,9
val:d4db1c16-0bf7-4bdc-9b08-3725e73c6a7b,106507078369536452,10
val:0c382722-7789-461c-865b-50611b9e4e6f,106532686424986077,1
val:0c382722-7789-461c-865b-50611b9e4e6f,106532652856312203,2
val:0c382722-7789-461c-865b-50611b9e4e6f,106532684877070738,3
val:0c382722-7789-461c-865b-50611b9e4e6f,106535378430874709,4
val:0c382722-7789-461c-865b-50611b9e4e6f,106532683698754008,5
val:0c382722-7789-461c-865b-50611b9e4e6f,106525473804840689,6
val:0c382722-7789-461c-865b-50611b9e4e6f,106525472657113092,7
val:0c382722-7789-461c-865b-50611b9e4e6f,106525470504910842,8
val:0c382722-7789-461c-865b-50611b9e4e6f,106525474853482229,9
val:0c382722-7789-461c-865b-50611b9e4e6f,106732998058142840,10
val:31b1483b-749d-420d-a9ce-130d6c1bf701,106116440965658227,1
val:31b1483b-749d-420d-a9ce-130d6c1bf701,99566407765334300,2
val:31b1483b-749d-420d-a9ce-130d6c1bf701,106116540451628694,3
val:31b1483b-749d-420d-a9ce-130d6c1bf701,106116492286441131,4
val:31b1483b-749d-420d-a9ce-130d6c1bf701,106507078369536452,5
val:31b1483b-749d-420d-a9ce-130d6c1bf701,106525473804840689,6
val:31b1483b-749d-420d-a9ce-130d6c1bf701,106525472657113092,7
val:31b1483b-749d-420d-a9ce-130d6c1bf701,106525470504910842,8
val:31b1483b-749d-420d-a9ce-130d6c1bf701,106525474853482229,9
val:31b1483b-749d-420d-a9ce-130d6c1bf701,106732998058142840,10
val:5b561593-aa2f-4c8e-93c7-c5e420d80850,106525473804840689,1
val:5b561593-aa2f-4c8e-93c7-c5e420d80850,106525472657113092,2
val:5b561593-aa2f-4c8e-93c7-c5e420d80850,106525470504910842,3
val:5b561593-aa2f-4c8e-93c7-c5e420d80850,106525474853482229,4
val:5b561593-aa2f-4c8e-93c7-c5e420d80850,106732998058142840,5
val:5b561593-aa2f-4c8e-93c7-c5e420d80850,106116440965658227,6
val:5b561593-aa2f-4c8e-93c7-c5e420d80850,99566407765334300,7
val:5b561593-aa2f-4c8e-93c7-c5e420d80850,106116540451628694,8
val:5b561593-aa2f-4c8e-93c7-c5e420d80850,106116492286441131,9
val:5b561593-aa2f-4c8e-93c7-c5e420d80850,106507078369536452,10
val:17cc89a8-219b-4792-8a3b-01e589908eb2,106525414942310346,1
val:17cc89a8-219b-4792-8a3b-01e589908eb2,106525416849604559,2
val:17cc89a8-219b-4792-8a3b-01e589908eb2,106525415831916494,3
val:17cc89a8-219b-4792-8a3b-01e589908eb2,106525410665758661,4
val:17cc89a8-219b-4792-8a3b-01e589908eb2,107769216664661606,5
val:17cc89a8-219b-4792-8a3b-01e589908eb2,106652047423889687,6
val:17cc89a8-219b-4792-8a3b-01e589908eb2,107735295903059952,7
val:17cc89a8-219b-4792-8a3b-01e589908eb2,106651771010372760,8
val:17cc89a8-219b-4792-8a3b-01e589908eb2,106651772642189389,9
val:17cc89a8-219b-4792-8a3b-01e589908eb2,106651779012842654,10
val:89d59efd-06a5-43b5-b089-8d848e34b037,106532686424986077,1
val:89d59efd-06a5-43b5-b089-8d848e34b037,106532652856312203,2
val:89d59efd-06a5-43b5-b089-8d848e34b037,106532684877070738,3
val:89d59efd-06a5-43b5-b089-8d848e34b037,106535378430874709,4
val:89d59efd-06a5-43b5-b089-8d848e34b037,106532683698754008,5
val:89d59efd-06a5-43b5-b089-8d848e34b037,106116525718283893,6
val:89d59efd-06a5-43b5-b089-8d848e34b037,106506447872281272,7
val:89d59efd-06a5-43b5-b089-8d848e34b037,106116526654494663,8
val:89d59efd-06a5-43b5-b089-8d848e34b037,107742457169499616,9
val:89d59efd-06a5-43b5-b089-8d848e34b037,106116524342027888,10
val:e1d912f0-7480-48ab-956c-48fe852b7019,107760839740308002,1
val:e1d912f0-7480-48ab-956c-48fe852b7019,106724757750442614,2
val:e1d912f0-7480-48ab-956c-48fe852b7019,107760839234471926,3
val:e1d912f0-7480-48ab-956c-48fe852b7019,107760839352836185,4
val:e1d912f0-7480-48ab-956c-48fe852b7019,106668475658821122,5
val:e1d912f0-7480-48ab-956c-48fe852b7019,106525473804840689,6
val:e1d912f0-7480-48ab-956c-48fe852b7019,106525472657113092,7
val:e1d912f0-7480-48ab-956c-48fe852b7019,106525470504910842,8
val:e1d912f0-7480-48ab-956c-48fe852b7019,106525474853482229,9
val:e1d912f0-7480-48ab-956c-48fe852b7019,106732998058142840,10
val:ef984c93-0d0c-458e-a3ca-f2f5813f792d,106525473804840689,1
val:ef984c93-0d0c-458e-a3ca-f2f5813f792d,106525472657113092,2
val:ef984c93-0d0c-458e-a3ca-f2f5813f792d,106525470504910842,3
val:ef984c93-0d0c-458e-a3ca-f2f5813f792d,106525474853482229,4
val:ef984c93-0d0c-458e-a3ca-f2f5813f792d,106732998058142840,5
val:ef984c93-0d0c-458e-a3ca-f2f5813f792d,106532686424986077,6
val:ef984c93-0d0c-458e-a3ca-f2f5813f792d,106532652856312203,7
val:ef984c93-0d0c-458e-a3ca-f2f5813f792d,106532684877070738,8
val:ef984c93-0d0c-458e-a3ca-f2f5813f792d,106535378430874709,9
val:ef984c93-0d0c-458e-a3ca-f2f5813f792d,106532683698754008,10
val:a90c6bfb-e656-4d0f-ab32-fa1c275374b4,106651780552777811,1
val:a90c6bfb-e656-4d0f-ab32-fa1c275374b4,106230238671593346,2
val:a90c6bfb-e656-4d0f-ab32-fa1c275374b4,106230236294103708,3
val:a90c6bfb-e656-4d0f-ab32-fa1c275374b4,107054598846006993,4
val:a90c6bfb-e656-4d0f-ab32-fa1c275374b4,106230224874717841,5
val:a90c6bfb-e656-4d0f-ab32-fa1c275374b4,106525473804840689,6
val:a90c6bfb-e656-4d0f-ab32-fa1c275374b4,106525472657113092,7
val:a90c6bfb-e656-4d0f-ab32-fa1c275374b4,106525470504910842,8
val:a90c6bfb-e656-4d0f-ab32-fa1c275374b4,106525474853482229,9
val:a90c6bfb-e656-4d0f-ab32-fa1c275374b4,106732998058142840,10
val:6e98cc5d-7417-45ac-b964-79aa096462c4,106525473804840689,1
val:6e98cc5d-7417-45ac-b964-79aa096462c4,106525472657113092,2
val:6e98cc5d-7417-45ac-b964-79aa096462c4,106525470504910842,3
val:6e98cc5d-7417-45ac-b964-79aa096462c4,106525474853482229,4
val:6e98cc5d-7417-45ac-b964-79aa096462c4,106732998058142840,5
val:6e98cc5d-7417-45ac-b964-79aa096462c4,106116440965658227,6
val:6e98cc5d-7417-45ac-b964-79aa096462c4,99566407765334300,7
val:6e98cc5d-7417-45ac-b964-79aa096462c4,106116540451628694,8
val:6e98cc5d-7417-45ac-b964-79aa096462c4,106116492286441131,9
val:6e98cc5d-7417-45ac-b964-79aa096462c4,106507078369536452,10
val:46b48026-aada-4943-864b-2bc2f9e7f462,106172926875591321,1
val:46b48026-aada-4943-864b-2bc2f9e7f462,106156773024391652,2
val:46b48026-aada-4943-864b-2bc2f9e7f462,106156791842474396,3
val:46b48026-aada-4943-864b-2bc2f9e7f462,106156765007120785,4
val:46b48026-aada-4943-864b-2bc2f9e7f462,106156788001006057,5
val:46b48026-aada-4943-864b-2bc2f9e7f462,106652047423889687,6
val:46b48026-aada-4943-864b-2bc2f9e7f462,107735295903059952,7
val:46b48026-aada-4943-864b-2bc2f9e7f462,106651771010372760,8
val:46b48026-aada-4943-864b-2bc2f9e7f462,106651772642189389,9
val:46b48026-aada-4943-864b-2bc2f9e7f462,106651779012842654,10
val:bb30a736-dc3b-41d1-b660-aae3043457e1,106525489805459472,1
val:bb30a736-dc3b-41d1-b660-aae3043457e1,108273989413516929,2
val:bb30a736-dc3b-41d1-b660-aae3043457e1,108273958835992183,3
val:bb30a736-dc3b-41d1-b660-aae3043457e1,106525538484682825,4
val:bb30a736-dc3b-41d1-b660-aae3043457e1,106664993881319312,5
val:bb30a736-dc3b-41d1-b660-aae3043457e1,106230274512017155,6
val:bb30a736-dc3b-41d1-b660-aae3043457e1,106230271915475632,7
val:bb30a736-dc3b-41d1-b660-aae3043457e1,103537287230111095,8
val:bb30a736-dc3b-41d1-b660-aae3043457e1,107764993888872529,9
val:bb30a736-dc3b-41d1-b660-aae3043457e1,107729646065265994,10
val:ac2a608f-e8a2-4e94-afaf-ee567ab26d14,106525414942310346,1
val:ac2a608f-e8a2-4e94-afaf-ee567ab26d14,106525416849604559,2
val:ac2a608f-e8a2-4e94-afaf-ee567ab26d14,106525415831916494,3
val:ac2a608f-e8a2-4e94-afaf-ee567ab26d14,106525410665758661,4
val:ac2a608f-e8a2-4e94-afaf-ee567ab26d14,107769216664661606,5
val:ac2a608f-e8a2-4e94-afaf-ee567ab26d14,106525473804840689,6
val:ac2a608f-e8a2-4e94-afaf-ee567ab26d14,106525472657113092,7
val:ac2a608f-e8a2-4e94-afaf-ee567ab26d14,106525470504910842,8
val:ac2a608f-e8a2-4e94-afaf-ee567ab26d14,106525474853482229,9
val:ac2a608f-e8a2-4e94-afaf-ee567ab26d14,106732998058142840,10
val:c3665d76-6636-4b07-936a-5f38262729e3,106651780552777811,1
val:c3665d76-6636-4b07-936a-5f38262729e3,106230238671593346,2
val:c3665d76-6636-4b07-936a-5f38262729e3,106230236294103708,3
val:c3665d76-6636-4b07-936a-5f38262729e3,107054598846006993,4
val:c3665d76-6636-4b07-936a-5f38262729e3,106230224874717841,5
val:c3665d76-6636-4b07-936a-5f38262729e3,106724766365411963,6
val:c3665d76-6636-4b07-936a-5f38262729e3,106724769775977160,7
val:c3665d76-6636-4b07-936a-5f38262729e3,106724767436961366,8
val:c3665d76-6636-4b07-936a-5f38262729e3,106724771285467852,9
val:c3665d76-6636-4b07-936a-5f38262729e3,107760969753086434,10
val:509274fb-31a6-4f90-8fbc-1d4ebb056b22,106532686424986077,1
val:509274fb-31a6-4f90-8fbc-1d4ebb056b22,106532652856312203,2
val:509274fb-31a6-4f90-8fbc-1d4ebb056b22,106532684877070738,3
val:509274fb-31a6-4f90-8fbc-1d4ebb056b22,106535378430874709,4
val:509274fb-31a6-4f90-8fbc-1d4ebb056b22,106532683698754008,5
val:509274fb-31a6-4f90-8fbc-1d4ebb056b22,106230274512017155,6
val:509274fb-31a6-4f90-8fbc-1d4ebb056b22,106230271915475632,7
val:509274fb-31a6-4f90-8fbc-1d4ebb056b22,103537287230111095,8
val:509274fb-31a6-4f90-8fbc-1d4ebb056b22,107764993888872529,9
val:509274fb-31a6-4f90-8fbc-1d4ebb056b22,107729646065265994,10
val:7bce0432-dbff-4f61-81bf-56cff23704ec,106490001132942692,1
val:7bce0432-dbff-4f61-81bf-56cff23704ec,108395376345727088,2
val:7bce0432-dbff-4f61-81bf-56cff23704ec,106489999216559638,3
val:7bce0432-dbff-4f61-81bf-56cff23704ec,106489997517407761,4
val:7bce0432-dbff-4f61-81bf-56cff23704ec,106489985594967563,5
val:7bce0432-dbff-4f61-81bf-56cff23704ec,106724766365411963,6
val:7bce0432-dbff-4f61-81bf-56cff23704ec,106724769775977160,7
val:7bce0432-dbff-4f61-81bf-56cff23704ec,106724767436961366,8
val:7bce0432-dbff-4f61-81bf-56cff23704ec,106724771285467852,9
val:7bce0432-dbff-4f61-81bf-56cff23704ec,107760969753086434,10
